[0m00:36:46.357911 [debug] [MainThread]: Sending event: {'category': 'dbt', 'action': 'invocation', 'label': 'start', 'context': [<snowplow_tracker.self_describing_json.SelfDescribingJson object at 0x7f7c2ef93620>, <snowplow_tracker.self_describing_json.SelfDescribingJson object at 0x7f7c2fc62c30>, <snowplow_tracker.self_describing_json.SelfDescribingJson object at 0x7f7c2e516e40>]}


============================== 00:36:46.361544 | f2e3a093-c5ae-45aa-a408-de125894dd1b ==============================
[0m00:36:46.361544 [info ] [MainThread]: Running with dbt=1.11.11
[0m00:36:46.361954 [debug] [MainThread]: running dbt with arguments {'introspect': 'True', 'send_anonymous_usage_stats': 'True', 'use_experimental_parser': 'False', 'warn_error_options': 'WarnErrorOptionsV2(error=[], warn=[], silence=[])', 'log_cache_events': 'False', 'warn_error': 'None', 'debug': 'False', 'no_print': 'None', 'quiet': 'True', 'target_path': 'None', 'use_colors': 'True', 'empty': 'None', 'log_format': 'default', 'indirect_selection': 'eager', 'profiles_dir': '.', 'invocation_command': 'dbt seed --profiles-dir . -q', 'version_check': 'True', 'printer_width': '80', 'fail_fast': 'False', 'cache_selected_only': 'False', 'write_json': 'True', 'static_parser': 'True', 'partial_parse': 'True', 'log_path': '/root/klavis-tb3-task/tasks/dbt-incremental-debugger/solution/dbt_project/logs'}
[0m00:36:46.581340 [debug] [MainThread]: Sending event: {'category': 'dbt', 'action': 'project_id', 'label': 'f2e3a093-c5ae-45aa-a408-de125894dd1b', 'context': [<snowplow_tracker.self_describing_json.SelfDescribingJson object at 0x7f7c31021850>]}
[0m00:36:46.640025 [debug] [MainThread]: Sending event: {'category': 'dbt', 'action': 'adapter_info', 'label': 'f2e3a093-c5ae-45aa-a408-de125894dd1b', 'context': [<snowplow_tracker.self_describing_json.SelfDescribingJson object at 0x7f7c2e076d50>]}
[0m00:36:46.641806 [info ] [MainThread]: Registered adapter: duckdb=1.10.1
[0m00:36:46.718392 [debug] [MainThread]: checksum: 30a8cc8fdcbf66701b0944d4ccce3fa46dd04b61e5df68b9f16d57b2e0e3f0be, vars: {}, profile: , target: , version: 1.11.11
[0m00:36:46.719003 [info ] [MainThread]: Unable to do partial parsing because saved manifest not found. Starting full parse.
[0m00:36:46.719258 [debug] [MainThread]: Sending event: {'category': 'dbt', 'action': 'partial_parser', 'label': 'f2e3a093-c5ae-45aa-a408-de125894dd1b', 'context': [<snowplow_tracker.self_describing_json.SelfDescribingJson object at 0x7f7c29b25700>]}
[0m00:36:47.917019 [warn ] [MainThread]: [[33mWARNING[0m]: Configuration paths exist in your dbt_project.yml file which do not apply to any resources.
There are 1 unused configuration paths:
- models.user_events.marts
[0m00:36:47.921613 [debug] [MainThread]: Sending event: {'category': 'dbt', 'action': 'load_project', 'label': 'f2e3a093-c5ae-45aa-a408-de125894dd1b', 'context': [<snowplow_tracker.self_describing_json.SelfDescribingJson object at 0x7f7c294644a0>]}
[0m00:36:47.997071 [debug] [MainThread]: Wrote artifact WritableManifest to /root/klavis-tb3-task/tasks/dbt-incremental-debugger/solution/dbt_project/target/manifest.json
[0m00:36:47.998813 [debug] [MainThread]: Wrote artifact SemanticManifest to /root/klavis-tb3-task/tasks/dbt-incremental-debugger/solution/dbt_project/target/semantic_manifest.json
[0m00:36:48.006902 [debug] [MainThread]: Sending event: {'category': 'dbt', 'action': 'resource_counts', 'label': 'f2e3a093-c5ae-45aa-a408-de125894dd1b', 'context': [<snowplow_tracker.self_describing_json.SelfDescribingJson object at 0x7f7c294b3440>]}
[0m00:36:48.007385 [info ] [MainThread]: Found 1 model, 1 seed, 2 data tests, 485 macros
[0m00:36:48.007599 [debug] [MainThread]: Sending event: {'category': 'dbt', 'action': 'runnable_timing', 'label': 'f2e3a093-c5ae-45aa-a408-de125894dd1b', 'context': [<snowplow_tracker.self_describing_json.SelfDescribingJson object at 0x7f7c294ca4b0>]}
[0m00:36:48.009426 [info ] [MainThread]: 
[0m00:36:48.009788 [info ] [MainThread]: Concurrency: 1 threads (target='dev')
[0m00:36:48.009963 [info ] [MainThread]: 
[0m00:36:48.010339 [debug] [MainThread]: Acquiring new duckdb connection 'master'
[0m00:36:48.011562 [debug] [ThreadPool]: Acquiring new duckdb connection 'list_events'
[0m00:36:48.042779 [debug] [ThreadPool]: Using duckdb connection "list_events"
[0m00:36:48.043106 [debug] [ThreadPool]: On list_events: /* {"app": "dbt", "dbt_version": "1.11.11", "profile_name": "user_events", "target_name": "dev", "connection_name": "list_events"} */

    
    select schema_name
    from system.information_schema.schemata
    
    where lower(catalog_name) = '"events"'
    
  
  
[0m00:36:48.043320 [debug] [ThreadPool]: Opening a new connection, currently in state init
[0m00:36:48.049299 [debug] [ThreadPool]: DuckDB adapter: duckdb error: IO Error: Cannot open file "/workspace/dbt_project/events.duckdb": No such file or directory
[0m00:36:48.049620 [debug] [ThreadPool]: DuckDB adapter: Error running SQL: /* {"app": "dbt", "dbt_version": "1.11.11", "profile_name": "user_events", "target_name": "dev", "connection_name": "list_events"} */

    
    select schema_name
    from system.information_schema.schemata
    
    where lower(catalog_name) = '"events"'
    
  
  
[0m00:36:48.049929 [debug] [ThreadPool]: DuckDB adapter: Rolling back transaction.
[0m00:36:48.050128 [debug] [ThreadPool]: Opening a new connection, currently in state init
[0m00:36:48.054232 [debug] [ThreadPool]: DuckDB adapter: duckdb error: IO Error: Cannot open file "/workspace/dbt_project/events.duckdb": No such file or directory
[0m00:36:48.054522 [debug] [ThreadPool]: DuckDB adapter: Error running SQL: macro list_schemas
[0m00:36:48.054767 [debug] [ThreadPool]: DuckDB adapter: Rolling back transaction.
[0m00:36:48.054940 [debug] [ThreadPool]: Opening a new connection, currently in state init
[0m00:36:48.059065 [debug] [MainThread]: Connection 'master' was properly closed.
[0m00:36:48.059362 [debug] [MainThread]: Connection 'list_events' was properly closed.
[0m00:36:48.059558 [info ] [MainThread]: 
[0m00:36:48.059789 [info ] [MainThread]: Finished running  in 0 hours 0 minutes and 0.05 seconds (0.05s).
[0m00:36:48.060080 [error] [MainThread]: Encountered an error:
IO Error: Cannot open file "/workspace/dbt_project/events.duckdb": No such file or directory
[0m00:36:48.066748 [error] [MainThread]: Traceback (most recent call last):
  File "/usr/local/lib/python3.12/dist-packages/dbt/adapters/duckdb/connections.py", line 95, in exception_handler
    yield
  File "/usr/local/lib/python3.12/dist-packages/dbt/adapters/sql/connections.py", line 147, in add_query
    cursor = connection.handle.cursor()
             ^^^^^^^^^^^^^^^^^
  File "/usr/local/lib/python3.12/dist-packages/dbt/adapters/contracts/connection.py", line 96, in handle
    self._handle.resolve(self)
  File "/usr/local/lib/python3.12/dist-packages/dbt/adapters/contracts/connection.py", line 120, in resolve
    return self.opener(connection)
           ^^^^^^^^^^^^^^^^^^^^^^^
  File "/usr/local/lib/python3.12/dist-packages/dbt/adapters/duckdb/connections.py", line 53, in open
    connection.handle = cls._ENV.handle()
                        ^^^^^^^^^^^^^^^^^
  File "/usr/local/lib/python3.12/dist-packages/dbt/adapters/duckdb/environments/local.py", line 75, in handle
    self.conn = self.initialize_db(self.creds, self._plugins)
                ^^^^^^^^^^^^^^^^^^^^^^^^^^^^^^^^^^^^^^^^^^^^^
  File "/usr/local/lib/python3.12/dist-packages/dbt/adapters/duckdb/environments/__init__.py", line 159, in initialize_db
    conn = duckdb.connect(creds.path, read_only=False, config=config)
           ^^^^^^^^^^^^^^^^^^^^^^^^^^^^^^^^^^^^^^^^^^^^^^^^^^^^^^^^^^
_duckdb.IOException: IO Error: Cannot open file "/workspace/dbt_project/events.duckdb": No such file or directory

During handling of the above exception, another exception occurred:

Traceback (most recent call last):
  File "/usr/local/lib/python3.12/dist-packages/dbt/adapters/duckdb/connections.py", line 95, in exception_handler
    yield
  File "/usr/local/lib/python3.12/dist-packages/dbt/adapters/base/impl.py", line 1357, in execute_macro
    result = macro_function(**kwargs)
             ^^^^^^^^^^^^^^^^^^^^^^^^
  File "/usr/local/lib/python3.12/dist-packages/dbt_common/clients/jinja.py", line 427, in __call__
    return self.call_macro(*args, **kwargs)
           ^^^^^^^^^^^^^^^^^^^^^^^^^^^^^^^^
  File "/usr/local/lib/python3.12/dist-packages/dbt_common/clients/jinja.py", line 395, in call_macro
    return macro(*args, **kwargs)
           ^^^^^^^^^^^^^^^^^^^^^^
  File "/usr/local/lib/python3.12/dist-packages/jinja2/runtime.py", line 770, in __call__
    return self._invoke(arguments, autoescape)
           ^^^^^^^^^^^^^^^^^^^^^^^^^^^^^^^^^^^
  File "/usr/local/lib/python3.12/dist-packages/jinja2/runtime.py", line 784, in _invoke
    rv = self._func(*arguments)
         ^^^^^^^^^^^^^^^^^^^^^^
  File "<template>", line 20, in macro
  File "/usr/local/lib/python3.12/dist-packages/jinja2/sandbox.py", line 401, in call
    return __context.call(__obj, *args, **kwargs)
           ^^^^^^^^^^^^^^^^^^^^^^^^^^^^^^^^^^^^^^
  File "/usr/local/lib/python3.12/dist-packages/jinja2/runtime.py", line 303, in call
    return __obj(*args, **kwargs)
           ^^^^^^^^^^^^^^^^^^^^^^
  File "/usr/local/lib/python3.12/dist-packages/dbt/clients/jinja.py", line 82, in __call__
    return self.call_macro(*args, **kwargs)
           ^^^^^^^^^^^^^^^^^^^^^^^^^^^^^^^^
  File "/usr/local/lib/python3.12/dist-packages/dbt_common/clients/jinja.py", line 395, in call_macro
    return macro(*args, **kwargs)
           ^^^^^^^^^^^^^^^^^^^^^^
  File "/usr/local/lib/python3.12/dist-packages/jinja2/runtime.py", line 770, in __call__
    return self._invoke(arguments, autoescape)
           ^^^^^^^^^^^^^^^^^^^^^^^^^^^^^^^^^^^
  File "/usr/local/lib/python3.12/dist-packages/jinja2/runtime.py", line 784, in _invoke
    rv = self._func(*arguments)
         ^^^^^^^^^^^^^^^^^^^^^^
  File "<template>", line 50, in macro
  File "/usr/local/lib/python3.12/dist-packages/jinja2/sandbox.py", line 401, in call
    return __context.call(__obj, *args, **kwargs)
           ^^^^^^^^^^^^^^^^^^^^^^^^^^^^^^^^^^^^^^
  File "/usr/local/lib/python3.12/dist-packages/jinja2/runtime.py", line 303, in call
    return __obj(*args, **kwargs)
           ^^^^^^^^^^^^^^^^^^^^^^
  File "/usr/local/lib/python3.12/dist-packages/dbt/clients/jinja.py", line 82, in __call__
    return self.call_macro(*args, **kwargs)
           ^^^^^^^^^^^^^^^^^^^^^^^^^^^^^^^^
  File "/usr/local/lib/python3.12/dist-packages/dbt_common/clients/jinja.py", line 395, in call_macro
    return macro(*args, **kwargs)
           ^^^^^^^^^^^^^^^^^^^^^^
  File "/usr/local/lib/python3.12/dist-packages/jinja2/runtime.py", line 770, in __call__
    return self._invoke(arguments, autoescape)
           ^^^^^^^^^^^^^^^^^^^^^^^^^^^^^^^^^^^
  File "/usr/local/lib/python3.12/dist-packages/jinja2/runtime.py", line 784, in _invoke
    rv = self._func(*arguments)
         ^^^^^^^^^^^^^^^^^^^^^^
  File "<template>", line 33, in macro
  File "/usr/local/lib/python3.12/dist-packages/jinja2/sandbox.py", line 401, in call
    return __context.call(__obj, *args, **kwargs)
           ^^^^^^^^^^^^^^^^^^^^^^^^^^^^^^^^^^^^^^
  File "/usr/local/lib/python3.12/dist-packages/jinja2/runtime.py", line 303, in call
    return __obj(*args, **kwargs)
           ^^^^^^^^^^^^^^^^^^^^^^
  File "/usr/local/lib/python3.12/dist-packages/dbt/clients/jinja.py", line 82, in __call__
    return self.call_macro(*args, **kwargs)
           ^^^^^^^^^^^^^^^^^^^^^^^^^^^^^^^^
  File "/usr/local/lib/python3.12/dist-packages/dbt_common/clients/jinja.py", line 395, in call_macro
    return macro(*args, **kwargs)
           ^^^^^^^^^^^^^^^^^^^^^^
  File "/usr/local/lib/python3.12/dist-packages/jinja2/runtime.py", line 770, in __call__
    return self._invoke(arguments, autoescape)
           ^^^^^^^^^^^^^^^^^^^^^^^^^^^^^^^^^^^
  File "/usr/local/lib/python3.12/dist-packages/jinja2/runtime.py", line 784, in _invoke
    rv = self._func(*arguments)
         ^^^^^^^^^^^^^^^^^^^^^^
  File "<template>", line 52, in macro
  File "/usr/local/lib/python3.12/dist-packages/jinja2/sandbox.py", line 401, in call
    return __context.call(__obj, *args, **kwargs)
           ^^^^^^^^^^^^^^^^^^^^^^^^^^^^^^^^^^^^^^
  File "/usr/local/lib/python3.12/dist-packages/jinja2/runtime.py", line 303, in call
    return __obj(*args, **kwargs)
           ^^^^^^^^^^^^^^^^^^^^^^
  File "/usr/local/lib/python3.12/dist-packages/dbt_common/record.py", line 538, in record_replay_wrapper
    return func_to_record(*call_args, **kwargs)
           ^^^^^^^^^^^^^^^^^^^^^^^^^^^^^^^^^^^^
  File "/usr/local/lib/python3.12/dist-packages/dbt/adapters/base/impl.py", line 508, in execute
    return self.connections.execute(sql=sql, auto_begin=auto_begin, fetch=fetch, limit=limit)
           ^^^^^^^^^^^^^^^^^^^^^^^^^^^^^^^^^^^^^^^^^^^^^^^^^^^^^^^^^^^^^^^^^^^^^^^^^^^^^^^^^^
  File "/usr/local/lib/python3.12/dist-packages/dbt/adapters/duckdb/connections.py", line 130, in execute
    return super().execute(sql, auto_begin, fetch, limit)
           ^^^^^^^^^^^^^^^^^^^^^^^^^^^^^^^^^^^^^^^^^^^^^^
  File "/usr/local/lib/python3.12/dist-packages/dbt/adapters/sql/connections.py", line 219, in execute
    _, cursor = self.add_query(sql, auto_begin)
                ^^^^^^^^^^^^^^^^^^^^^^^^^^^^^^^
  File "/usr/local/lib/python3.12/dist-packages/dbt/adapters/sql/connections.py", line 131, in add_query
    with self.exception_handler(sql):
  File "/usr/lib/python3.12/contextlib.py", line 158, in __exit__
    self.gen.throw(value)
  File "/usr/local/lib/python3.12/dist-packages/dbt/adapters/duckdb/connections.py", line 102, in exception_handler
    self.rollback_if_open()
  File "/usr/local/lib/python3.12/dist-packages/dbt/adapters/base/connections.py", line 125, in rollback_if_open
    if conn is not None and conn.handle and conn.transaction_open:
                            ^^^^^^^^^^^
  File "/usr/local/lib/python3.12/dist-packages/dbt/adapters/contracts/connection.py", line 96, in handle
    self._handle.resolve(self)
  File "/usr/local/lib/python3.12/dist-packages/dbt/adapters/contracts/connection.py", line 120, in resolve
    return self.opener(connection)
           ^^^^^^^^^^^^^^^^^^^^^^^
  File "/usr/local/lib/python3.12/dist-packages/dbt/adapters/duckdb/connections.py", line 53, in open
    connection.handle = cls._ENV.handle()
                        ^^^^^^^^^^^^^^^^^
  File "/usr/local/lib/python3.12/dist-packages/dbt/adapters/duckdb/environments/local.py", line 75, in handle
    self.conn = self.initialize_db(self.creds, self._plugins)
                ^^^^^^^^^^^^^^^^^^^^^^^^^^^^^^^^^^^^^^^^^^^^^
  File "/usr/local/lib/python3.12/dist-packages/dbt/adapters/duckdb/environments/__init__.py", line 159, in initialize_db
    conn = duckdb.connect(creds.path, read_only=False, config=config)
           ^^^^^^^^^^^^^^^^^^^^^^^^^^^^^^^^^^^^^^^^^^^^^^^^^^^^^^^^^^
_duckdb.IOException: IO Error: Cannot open file "/workspace/dbt_project/events.duckdb": No such file or directory

During handling of the above exception, another exception occurred:

Traceback (most recent call last):
  File "/usr/local/lib/python3.12/dist-packages/dbt/cli/requires.py", line 182, in wrapper
    result, success = func(*args, **kwargs)
                      ^^^^^^^^^^^^^^^^^^^^^
  File "/usr/local/lib/python3.12/dist-packages/dbt/cli/requires.py", line 128, in wrapper
    return func(*args, **kwargs)
           ^^^^^^^^^^^^^^^^^^^^^
  File "/usr/local/lib/python3.12/dist-packages/dbt/cli/requires.py", line 276, in wrapper
    return func(*args, **kwargs)
           ^^^^^^^^^^^^^^^^^^^^^
  File "/usr/local/lib/python3.12/dist-packages/dbt/cli/requires.py", line 321, in wrapper
    return func(*args, **kwargs)
           ^^^^^^^^^^^^^^^^^^^^^
  File "/usr/local/lib/python3.12/dist-packages/dbt/cli/requires.py", line 391, in wrapper
    return func(*args, **kwargs)
           ^^^^^^^^^^^^^^^^^^^^^
  File "/usr/local/lib/python3.12/dist-packages/dbt/cli/requires.py", line 368, in wrapper
    return func(*args, **kwargs)
           ^^^^^^^^^^^^^^^^^^^^^
  File "/usr/local/lib/python3.12/dist-packages/dbt/cli/requires.py", line 408, in wrapper
    return func(*args, **kwargs)
           ^^^^^^^^^^^^^^^^^^^^^
  File "/usr/local/lib/python3.12/dist-packages/dbt/cli/main.py", line 727, in seed
    results = task.run()
              ^^^^^^^^^^
  File "/usr/local/lib/python3.12/dist-packages/dbt/task/runnable.py", line 626, in run
    result = self.execute_with_hooks(selected_uids)
             ^^^^^^^^^^^^^^^^^^^^^^^^^^^^^^^^^^^^^^
  File "/usr/local/lib/python3.12/dist-packages/dbt/task/runnable.py", line 559, in execute_with_hooks
    before_run_status = self.before_run(adapter, selected_uids)
                        ^^^^^^^^^^^^^^^^^^^^^^^^^^^^^^^^^^^^^^^
  File "/usr/local/lib/python3.12/dist-packages/dbt/task/run.py", line 1114, in before_run
    self.create_schemas(adapter, required_schemas)
  File "/usr/local/lib/python3.12/dist-packages/dbt/task/runnable.py", line 734, in create_schemas
    existing_schemas_lowered.update(ls_future.result())
                                    ^^^^^^^^^^^^^^^^^^
  File "/usr/lib/python3.12/concurrent/futures/_base.py", line 449, in result
    return self.__get_result()
           ^^^^^^^^^^^^^^^^^^^
  File "/usr/lib/python3.12/concurrent/futures/_base.py", line 401, in __get_result
    raise self._exception
  File "/usr/lib/python3.12/concurrent/futures/thread.py", line 58, in run
    result = self.fn(*self.args, **self.kwargs)
             ^^^^^^^^^^^^^^^^^^^^^^^^^^^^^^^^^^
  File "/usr/local/lib/python3.12/dist-packages/dbt_common/utils/executor.py", line 16, in connected
    return func(*args, **kwargs)
           ^^^^^^^^^^^^^^^^^^^^^
  File "/usr/local/lib/python3.12/dist-packages/dbt/task/runnable.py", line 709, in list_schemas
    for s in adapter.list_schemas(database_quoted)
             ^^^^^^^^^^^^^^^^^^^^^^^^^^^^^^^^^^^^^
  File "/usr/local/lib/python3.12/dist-packages/dbt/adapters/sql/impl.py", line 219, in list_schemas
    results = self.execute_macro(LIST_SCHEMAS_MACRO_NAME, kwargs={"database": database})
              ^^^^^^^^^^^^^^^^^^^^^^^^^^^^^^^^^^^^^^^^^^^^^^^^^^^^^^^^^^^^^^^^^^^^^^^^^^
  File "/usr/local/lib/python3.12/dist-packages/dbt/adapters/base/impl.py", line 1356, in execute_macro
    with self.connections.exception_handler(f"macro {macro_name}"):
  File "/usr/lib/python3.12/contextlib.py", line 158, in __exit__
    self.gen.throw(value)
  File "/usr/local/lib/python3.12/dist-packages/dbt/adapters/duckdb/connections.py", line 102, in exception_handler
    self.rollback_if_open()
  File "/usr/local/lib/python3.12/dist-packages/dbt/adapters/base/connections.py", line 125, in rollback_if_open
    if conn is not None and conn.handle and conn.transaction_open:
                            ^^^^^^^^^^^
  File "/usr/local/lib/python3.12/dist-packages/dbt/adapters/contracts/connection.py", line 96, in handle
    self._handle.resolve(self)
  File "/usr/local/lib/python3.12/dist-packages/dbt/adapters/contracts/connection.py", line 120, in resolve
    return self.opener(connection)
           ^^^^^^^^^^^^^^^^^^^^^^^
  File "/usr/local/lib/python3.12/dist-packages/dbt/adapters/duckdb/connections.py", line 53, in open
    connection.handle = cls._ENV.handle()
                        ^^^^^^^^^^^^^^^^^
  File "/usr/local/lib/python3.12/dist-packages/dbt/adapters/duckdb/environments/local.py", line 75, in handle
    self.conn = self.initialize_db(self.creds, self._plugins)
                ^^^^^^^^^^^^^^^^^^^^^^^^^^^^^^^^^^^^^^^^^^^^^
  File "/usr/local/lib/python3.12/dist-packages/dbt/adapters/duckdb/environments/__init__.py", line 159, in initialize_db
    conn = duckdb.connect(creds.path, read_only=False, config=config)
           ^^^^^^^^^^^^^^^^^^^^^^^^^^^^^^^^^^^^^^^^^^^^^^^^^^^^^^^^^^
_duckdb.IOException: IO Error: Cannot open file "/workspace/dbt_project/events.duckdb": No such file or directory

[0m00:36:48.068769 [debug] [MainThread]: Resource report: {"command_name": "seed", "command_success": false, "command_wall_clock_time": 1.7674173, "process_in_blocks": "40832", "process_kernel_time": 0.214064, "process_mem_max_rss": "161212", "process_out_blocks": "4136", "process_user_time": 2.87259}
[0m00:36:48.069211 [debug] [MainThread]: Command `dbt seed` failed at 00:36:48.069113 after 1.77 seconds
[0m00:36:48.069529 [debug] [MainThread]: Sending event: {'category': 'dbt', 'action': 'invocation', 'label': 'end', 'context': [<snowplow_tracker.self_describing_json.SelfDescribingJson object at 0x7f7c2e95b800>, <snowplow_tracker.self_describing_json.SelfDescribingJson object at 0x7f7c2eaadbb0>, <snowplow_tracker.self_describing_json.SelfDescribingJson object at 0x7f7c296910d0>]}
[0m00:36:48.069834 [debug] [MainThread]: Flushing usage events
[0m00:36:48.273061 [debug] [MainThread]: An error was encountered while trying to flush usage events
[0m00:36:56.298595 [debug] [MainThread]: Sending event: {'category': 'dbt', 'action': 'invocation', 'label': 'start', 'context': [<snowplow_tracker.self_describing_json.SelfDescribingJson object at 0x7f33d23e4200>, <snowplow_tracker.self_describing_json.SelfDescribingJson object at 0x7f33d2514500>, <snowplow_tracker.self_describing_json.SelfDescribingJson object at 0x7f33cf6d2900>]}


============================== 00:36:56.302065 | da8faab8-2b12-4c7c-a426-bd0a37c6eaee ==============================
[0m00:36:56.302065 [info ] [MainThread]: Running with dbt=1.11.11
[0m00:36:56.302442 [debug] [MainThread]: running dbt with arguments {'debug': 'False', 'empty': 'None', 'fail_fast': 'False', 'static_parser': 'True', 'version_check': 'True', 'send_anonymous_usage_stats': 'True', 'partial_parse': 'True', 'introspect': 'True', 'warn_error': 'None', 'no_print': 'None', 'use_colors': 'True', 'target_path': 'None', 'log_path': '/root/klavis-tb3-task/tasks/dbt-incremental-debugger/solution/dbt_project/logs', 'profiles_dir': '.', 'warn_error_options': 'WarnErrorOptionsV2(error=[], warn=[], silence=[])', 'indirect_selection': 'eager', 'log_cache_events': 'False', 'quiet': 'True', 'invocation_command': 'dbt seed --profiles-dir . -q', 'printer_width': '80', 'cache_selected_only': 'False', 'use_experimental_parser': 'False', 'log_format': 'default', 'write_json': 'True'}
[0m00:36:56.510572 [debug] [MainThread]: Sending event: {'category': 'dbt', 'action': 'project_id', 'label': 'da8faab8-2b12-4c7c-a426-bd0a37c6eaee', 'context': [<snowplow_tracker.self_describing_json.SelfDescribingJson object at 0x7f33cf47a9c0>]}
[0m00:36:56.570777 [debug] [MainThread]: Sending event: {'category': 'dbt', 'action': 'adapter_info', 'label': 'da8faab8-2b12-4c7c-a426-bd0a37c6eaee', 'context': [<snowplow_tracker.self_describing_json.SelfDescribingJson object at 0x7f33cf769460>]}
[0m00:36:56.572625 [info ] [MainThread]: Registered adapter: duckdb=1.10.1
[0m00:36:56.647689 [debug] [MainThread]: checksum: 30a8cc8fdcbf66701b0944d4ccce3fa46dd04b61e5df68b9f16d57b2e0e3f0be, vars: {}, profile: , target: , version: 1.11.11
[0m00:36:56.741279 [info ] [MainThread]: Unable to do partial parsing because profile has changed
[0m00:36:56.741829 [debug] [MainThread]: Sending event: {'category': 'dbt', 'action': 'partial_parser', 'label': 'da8faab8-2b12-4c7c-a426-bd0a37c6eaee', 'context': [<snowplow_tracker.self_describing_json.SelfDescribingJson object at 0x7f33cac79160>]}
[0m00:36:57.925120 [warn ] [MainThread]: [[33mWARNING[0m]: Configuration paths exist in your dbt_project.yml file which do not apply to any resources.
There are 1 unused configuration paths:
- models.user_events.marts
[0m00:36:57.929749 [debug] [MainThread]: Sending event: {'category': 'dbt', 'action': 'load_project', 'label': 'da8faab8-2b12-4c7c-a426-bd0a37c6eaee', 'context': [<snowplow_tracker.self_describing_json.SelfDescribingJson object at 0x7f33ca9a7020>]}
[0m00:36:57.998717 [debug] [MainThread]: Wrote artifact WritableManifest to /root/klavis-tb3-task/tasks/dbt-incremental-debugger/solution/dbt_project/target/manifest.json
[0m00:36:58.000654 [debug] [MainThread]: Wrote artifact SemanticManifest to /root/klavis-tb3-task/tasks/dbt-incremental-debugger/solution/dbt_project/target/semantic_manifest.json
[0m00:36:58.008367 [debug] [MainThread]: Sending event: {'category': 'dbt', 'action': 'resource_counts', 'label': 'da8faab8-2b12-4c7c-a426-bd0a37c6eaee', 'context': [<snowplow_tracker.self_describing_json.SelfDescribingJson object at 0x7f33d2162300>]}
[0m00:36:58.010269 [info ] [MainThread]: Found 1 model, 1 seed, 2 data tests, 485 macros
[0m00:36:58.010619 [debug] [MainThread]: Sending event: {'category': 'dbt', 'action': 'runnable_timing', 'label': 'da8faab8-2b12-4c7c-a426-bd0a37c6eaee', 'context': [<snowplow_tracker.self_describing_json.SelfDescribingJson object at 0x7f33cad46660>]}
[0m00:36:58.012626 [info ] [MainThread]: 
[0m00:36:58.013101 [info ] [MainThread]: Concurrency: 1 threads (target='dev')
[0m00:36:58.013275 [info ] [MainThread]: 
[0m00:36:58.013683 [debug] [MainThread]: Acquiring new duckdb connection 'master'
[0m00:36:58.014752 [debug] [ThreadPool]: Acquiring new duckdb connection 'list_test_events'
[0m00:36:58.039768 [debug] [ThreadPool]: Using duckdb connection "list_test_events"
[0m00:36:58.040080 [debug] [ThreadPool]: On list_test_events: /* {"app": "dbt", "dbt_version": "1.11.11", "profile_name": "user_events", "target_name": "dev", "connection_name": "list_test_events"} */

    
    select schema_name
    from system.information_schema.schemata
    
    where lower(catalog_name) = '"test_events"'
    
  
  
[0m00:36:58.040339 [debug] [ThreadPool]: Opening a new connection, currently in state init
[0m00:36:58.069622 [debug] [ThreadPool]: SQL status: OK in 0.029 seconds
[0m00:36:58.071008 [debug] [ThreadPool]: On list_test_events: Close
[0m00:36:58.071782 [debug] [ThreadPool]: Re-using an available connection from the pool (formerly list_test_events, now create_test_events_main)
[0m00:36:58.072214 [debug] [ThreadPool]: Creating schema "database: "test_events"
schema: "main"
"
[0m00:36:58.078141 [debug] [ThreadPool]: Using duckdb connection "create_test_events_main"
[0m00:36:58.078459 [debug] [ThreadPool]: On create_test_events_main: /* {"app": "dbt", "dbt_version": "1.11.11", "profile_name": "user_events", "target_name": "dev", "connection_name": "create_test_events_main"} */

    
        select type from duckdb_databases()
        where lower(database_name)='test_events'
        and type='sqlite'
    
  
[0m00:36:58.078705 [debug] [ThreadPool]: Opening a new connection, currently in state closed
[0m00:36:58.079690 [debug] [ThreadPool]: SQL status: OK in 0.001 seconds
[0m00:36:58.080917 [debug] [ThreadPool]: Using duckdb connection "create_test_events_main"
[0m00:36:58.081177 [debug] [ThreadPool]: On create_test_events_main: BEGIN
[0m00:36:58.081685 [debug] [ThreadPool]: SQL status: OK in 0.000 seconds
[0m00:36:58.081942 [debug] [ThreadPool]: Using duckdb connection "create_test_events_main"
[0m00:36:58.082114 [debug] [ThreadPool]: On create_test_events_main: /* {"app": "dbt", "dbt_version": "1.11.11", "profile_name": "user_events", "target_name": "dev", "connection_name": "create_test_events_main"} */

    
    
        create schema if not exists "test_events"."main"
    
[0m00:36:58.082738 [debug] [ThreadPool]: SQL status: OK in 0.000 seconds
[0m00:36:58.083476 [debug] [ThreadPool]: On create_test_events_main: COMMIT
[0m00:36:58.083801 [debug] [ThreadPool]: Using duckdb connection "create_test_events_main"
[0m00:36:58.083976 [debug] [ThreadPool]: On create_test_events_main: COMMIT
[0m00:36:58.084431 [debug] [ThreadPool]: SQL status: OK in 0.000 seconds
[0m00:36:58.084724 [debug] [ThreadPool]: On create_test_events_main: Close
[0m00:36:58.089262 [debug] [ThreadPool]: Re-using an available connection from the pool (formerly create_test_events_main, now list_test_events_main)
[0m00:36:58.096054 [debug] [ThreadPool]: Using duckdb connection "list_test_events_main"
[0m00:36:58.096418 [debug] [ThreadPool]: On list_test_events_main: BEGIN
[0m00:36:58.096623 [debug] [ThreadPool]: Opening a new connection, currently in state closed
[0m00:36:58.097234 [debug] [ThreadPool]: SQL status: OK in 0.001 seconds
[0m00:36:58.097511 [debug] [ThreadPool]: Using duckdb connection "list_test_events_main"
[0m00:36:58.097769 [debug] [ThreadPool]: On list_test_events_main: /* {"app": "dbt", "dbt_version": "1.11.11", "profile_name": "user_events", "target_name": "dev", "connection_name": "list_test_events_main"} */
select
      'test_events' as database,
      table_name as name,
      table_schema as schema,
      CASE table_type
        WHEN 'BASE TABLE' THEN 'table'
        WHEN 'VIEW' THEN 'view'
        WHEN 'LOCAL TEMPORARY' THEN 'table'
        END as type
    from system.information_schema.tables
    where lower(table_schema) = 'main'
    and lower(table_catalog) = 'test_events'
  
[0m00:36:58.100457 [debug] [ThreadPool]: SQL status: OK in 0.002 seconds
[0m00:36:58.101683 [debug] [ThreadPool]: On list_test_events_main: ROLLBACK
[0m00:36:58.102690 [debug] [ThreadPool]: Failed to rollback 'list_test_events_main'
[0m00:36:58.102955 [debug] [ThreadPool]: On list_test_events_main: Close
[0m00:36:58.103554 [debug] [MainThread]: Sending event: {'category': 'dbt', 'action': 'runnable_timing', 'label': 'da8faab8-2b12-4c7c-a426-bd0a37c6eaee', 'context': [<snowplow_tracker.self_describing_json.SelfDescribingJson object at 0x7f33c9dbe870>]}
[0m00:36:58.104035 [debug] [MainThread]: Using duckdb connection "master"
[0m00:36:58.104296 [debug] [MainThread]: On master: BEGIN
[0m00:36:58.104473 [debug] [MainThread]: Opening a new connection, currently in state init
[0m00:36:58.105015 [debug] [MainThread]: SQL status: OK in 0.000 seconds
[0m00:36:58.105263 [debug] [MainThread]: On master: COMMIT
[0m00:36:58.105436 [debug] [MainThread]: Using duckdb connection "master"
[0m00:36:58.105616 [debug] [MainThread]: On master: COMMIT
[0m00:36:58.106036 [debug] [MainThread]: SQL status: OK in 0.000 seconds
[0m00:36:58.106220 [debug] [MainThread]: On master: Close
[0m00:36:58.108939 [debug] [Thread-1 (]: Began running node seed.user_events.raw_events
[0m00:36:58.109409 [info ] [Thread-1 (]: 1 of 1 START seed file main.raw_events ......................................... [RUN]
[0m00:36:58.109775 [debug] [Thread-1 (]: Re-using an available connection from the pool (formerly list_test_events_main, now seed.user_events.raw_events)
[0m00:36:58.110019 [debug] [Thread-1 (]: Began compiling node seed.user_events.raw_events
[0m00:36:58.110242 [debug] [Thread-1 (]: Began executing node seed.user_events.raw_events
[0m00:36:58.213891 [debug] [Thread-1 (]: Using duckdb connection "seed.user_events.raw_events"
[0m00:36:58.214281 [debug] [Thread-1 (]: On seed.user_events.raw_events: BEGIN
[0m00:36:58.214503 [debug] [Thread-1 (]: Opening a new connection, currently in state closed
[0m00:36:58.215492 [debug] [Thread-1 (]: SQL status: OK in 0.001 seconds
[0m00:36:58.215884 [debug] [Thread-1 (]: Using duckdb connection "seed.user_events.raw_events"
[0m00:36:58.216210 [debug] [Thread-1 (]: On seed.user_events.raw_events: /* {"app": "dbt", "dbt_version": "1.11.11", "profile_name": "user_events", "target_name": "dev", "node_id": "seed.user_events.raw_events"} */

    create table "test_events"."main"."raw_events" ("event_id" integer,"user_id" integer,"event_type" text,"user_name" text,"user_email" text,"updated_at" timestamp without time zone,"is_deleted" boolean)
  
[0m00:36:58.217217 [debug] [Thread-1 (]: SQL status: OK in 0.001 seconds
[0m00:36:58.226458 [debug] [Thread-1 (]: Using duckdb connection "seed.user_events.raw_events"
[0m00:36:58.226884 [debug] [Thread-1 (]: On seed.user_events.raw_events: 
          COPY "test_events"."main"."raw_events" FROM '/root/klavis-tb3-task/tasks/dbt-incremental-debugger/solution/dbt_project/seeds/raw_events.csv' (FORMAT CSV, HEADER TRUE, DELIMITER ',')
        ...
[0m00:36:58.232885 [debug] [Thread-1 (]: SQL status: OK in 0.006 seconds
[0m00:36:58.237925 [debug] [Thread-1 (]: Writing runtime SQL for node "seed.user_events.raw_events"
[0m00:36:58.251599 [debug] [Thread-1 (]: On seed.user_events.raw_events: COMMIT
[0m00:36:58.252007 [debug] [Thread-1 (]: Using duckdb connection "seed.user_events.raw_events"
[0m00:36:58.252270 [debug] [Thread-1 (]: On seed.user_events.raw_events: COMMIT
[0m00:36:58.256003 [debug] [Thread-1 (]: SQL status: OK in 0.003 seconds
[0m00:36:58.257813 [debug] [Thread-1 (]: On seed.user_events.raw_events: Close
[0m00:36:58.259455 [debug] [Thread-1 (]: Sending event: {'category': 'dbt', 'action': 'run_model', 'label': 'da8faab8-2b12-4c7c-a426-bd0a37c6eaee', 'context': [<snowplow_tracker.self_describing_json.SelfDescribingJson object at 0x7f33c9cde120>]}
[0m00:36:58.260041 [info ] [Thread-1 (]: 1 of 1 OK loaded seed file main.raw_events ..................................... [[32mINSERT 20[0m in 0.15s]
[0m00:36:58.260490 [debug] [Thread-1 (]: Finished running node seed.user_events.raw_events
[0m00:36:58.261747 [debug] [MainThread]: Using duckdb connection "master"
[0m00:36:58.262063 [debug] [MainThread]: On master: BEGIN
[0m00:36:58.262240 [debug] [MainThread]: Opening a new connection, currently in state closed
[0m00:36:58.262836 [debug] [MainThread]: SQL status: OK in 0.001 seconds
[0m00:36:58.263077 [debug] [MainThread]: On master: COMMIT
[0m00:36:58.263245 [debug] [MainThread]: Using duckdb connection "master"
[0m00:36:58.263401 [debug] [MainThread]: On master: COMMIT
[0m00:36:58.263835 [debug] [MainThread]: SQL status: OK in 0.000 seconds
[0m00:36:58.264079 [debug] [MainThread]: On master: Close
[0m00:36:58.264727 [debug] [MainThread]: Connection 'master' was properly closed.
[0m00:36:58.264941 [debug] [MainThread]: Connection 'seed.user_events.raw_events' was properly closed.
[0m00:36:58.265129 [info ] [MainThread]: 
[0m00:36:58.265397 [info ] [MainThread]: Finished running 1 seed in 0 hours 0 minutes and 0.25 seconds (0.25s).
[0m00:36:58.265928 [debug] [MainThread]: Command end result
[0m00:36:58.286412 [debug] [MainThread]: Wrote artifact WritableManifest to /root/klavis-tb3-task/tasks/dbt-incremental-debugger/solution/dbt_project/target/manifest.json
[0m00:36:58.288345 [debug] [MainThread]: Wrote artifact SemanticManifest to /root/klavis-tb3-task/tasks/dbt-incremental-debugger/solution/dbt_project/target/semantic_manifest.json
[0m00:36:58.293115 [debug] [MainThread]: Wrote artifact RunExecutionResult to /root/klavis-tb3-task/tasks/dbt-incremental-debugger/solution/dbt_project/target/run_results.json
[0m00:36:58.293379 [info ] [MainThread]: 
[0m00:36:58.293629 [info ] [MainThread]: [32mCompleted successfully[0m
[0m00:36:58.293857 [info ] [MainThread]: 
[0m00:36:58.294049 [info ] [MainThread]: Done. PASS=1 WARN=0 ERROR=0 SKIP=0 NO-OP=0 TOTAL=1
[0m00:36:58.294880 [debug] [MainThread]: Resource report: {"command_name": "seed", "command_success": true, "command_wall_clock_time": 2.0511332, "process_in_blocks": "40", "process_kernel_time": 0.1356, "process_mem_max_rss": "169464", "process_out_blocks": "3392", "process_user_time": 3.155093}
[0m00:36:58.295251 [debug] [MainThread]: Command `dbt seed` succeeded at 00:36:58.295177 after 2.05 seconds
[0m00:36:58.295502 [debug] [MainThread]: Sending event: {'category': 'dbt', 'action': 'invocation', 'label': 'end', 'context': [<snowplow_tracker.self_describing_json.SelfDescribingJson object at 0x7f33cf6fc0b0>, <snowplow_tracker.self_describing_json.SelfDescribingJson object at 0x7f33ca7662a0>, <snowplow_tracker.self_describing_json.SelfDescribingJson object at 0x7f33ca94e630>]}
[0m00:36:58.295924 [debug] [MainThread]: Flushing usage events
[0m00:36:58.343349 [debug] [MainThread]: An error was encountered while trying to flush usage events
[0m00:36:59.952461 [debug] [MainThread]: Sending event: {'category': 'dbt', 'action': 'invocation', 'label': 'start', 'context': [<snowplow_tracker.self_describing_json.SelfDescribingJson object at 0x7ff3cd33c770>, <snowplow_tracker.self_describing_json.SelfDescribingJson object at 0x7ff3cf28ab10>, <snowplow_tracker.self_describing_json.SelfDescribingJson object at 0x7ff3cd6ccbc0>]}


============================== 00:36:59.955345 | ddef0564-27b9-4b8c-b4e2-c6ebeed32b05 ==============================
[0m00:36:59.955345 [info ] [MainThread]: Running with dbt=1.11.11
[0m00:36:59.955818 [debug] [MainThread]: running dbt with arguments {'log_path': '/root/klavis-tb3-task/tasks/dbt-incremental-debugger/solution/dbt_project/logs', 'invocation_command': 'dbt run --full-refresh --profiles-dir . -q', 'quiet': 'True', 'partial_parse': 'True', 'cache_selected_only': 'False', 'use_colors': 'True', 'printer_width': '80', 'fail_fast': 'False', 'indirect_selection': 'eager', 'log_cache_events': 'False', 'warn_error_options': 'WarnErrorOptionsV2(error=[], warn=[], silence=[])', 'introspect': 'True', 'write_json': 'True', 'debug': 'False', 'use_experimental_parser': 'False', 'empty': 'False', 'profiles_dir': '.', 'send_anonymous_usage_stats': 'True', 'warn_error': 'None', 'target_path': 'None', 'version_check': 'True', 'no_print': 'None', 'log_format': 'default', 'static_parser': 'True'}
[0m00:37:00.150456 [debug] [MainThread]: Sending event: {'category': 'dbt', 'action': 'project_id', 'label': 'ddef0564-27b9-4b8c-b4e2-c6ebeed32b05', 'context': [<snowplow_tracker.self_describing_json.SelfDescribingJson object at 0x7ff3cd295490>]}
[0m00:37:00.206336 [debug] [MainThread]: Sending event: {'category': 'dbt', 'action': 'adapter_info', 'label': 'ddef0564-27b9-4b8c-b4e2-c6ebeed32b05', 'context': [<snowplow_tracker.self_describing_json.SelfDescribingJson object at 0x7ff3cdb1d070>]}
[0m00:37:00.208120 [info ] [MainThread]: Registered adapter: duckdb=1.10.1
[0m00:37:00.278153 [debug] [MainThread]: checksum: 30a8cc8fdcbf66701b0944d4ccce3fa46dd04b61e5df68b9f16d57b2e0e3f0be, vars: {}, profile: , target: , version: 1.11.11
[0m00:37:00.371234 [debug] [MainThread]: Partial parsing enabled: 0 files deleted, 0 files added, 0 files changed.
[0m00:37:00.371614 [debug] [MainThread]: Nothing changed, skipping partial parsing.
[0m00:37:00.371854 [debug] [MainThread]: Partial parsing enabled, no changes found, skipping parsing
[0m00:37:00.377139 [warn ] [MainThread]: [[33mWARNING[0m]: Configuration paths exist in your dbt_project.yml file which do not apply to any resources.
There are 1 unused configuration paths:
- models.user_events.marts
[0m00:37:00.410822 [debug] [MainThread]: Sending event: {'category': 'dbt', 'action': 'load_project', 'label': 'ddef0564-27b9-4b8c-b4e2-c6ebeed32b05', 'context': [<snowplow_tracker.self_describing_json.SelfDescribingJson object at 0x7ff3c8df9700>]}
[0m00:37:00.478507 [debug] [MainThread]: Wrote artifact WritableManifest to /root/klavis-tb3-task/tasks/dbt-incremental-debugger/solution/dbt_project/target/manifest.json
[0m00:37:00.480297 [debug] [MainThread]: Wrote artifact SemanticManifest to /root/klavis-tb3-task/tasks/dbt-incremental-debugger/solution/dbt_project/target/semantic_manifest.json
[0m00:37:00.487299 [debug] [MainThread]: Sending event: {'category': 'dbt', 'action': 'resource_counts', 'label': 'ddef0564-27b9-4b8c-b4e2-c6ebeed32b05', 'context': [<snowplow_tracker.self_describing_json.SelfDescribingJson object at 0x7ff3c8b3d910>]}
[0m00:37:00.487789 [info ] [MainThread]: Found 1 model, 1 seed, 2 data tests, 485 macros
[0m00:37:00.488027 [debug] [MainThread]: Sending event: {'category': 'dbt', 'action': 'runnable_timing', 'label': 'ddef0564-27b9-4b8c-b4e2-c6ebeed32b05', 'context': [<snowplow_tracker.self_describing_json.SelfDescribingJson object at 0x7ff3c899c560>]}
[0m00:37:00.489542 [info ] [MainThread]: 
[0m00:37:00.489871 [info ] [MainThread]: Concurrency: 1 threads (target='dev')
[0m00:37:00.490028 [info ] [MainThread]: 
[0m00:37:00.490376 [debug] [MainThread]: Acquiring new duckdb connection 'master'
[0m00:37:00.491340 [debug] [ThreadPool]: Acquiring new duckdb connection 'list_test_events'
[0m00:37:00.517040 [debug] [ThreadPool]: Using duckdb connection "list_test_events"
[0m00:37:00.517377 [debug] [ThreadPool]: On list_test_events: /* {"app": "dbt", "dbt_version": "1.11.11", "profile_name": "user_events", "target_name": "dev", "connection_name": "list_test_events"} */

    
    select schema_name
    from system.information_schema.schemata
    
    where lower(catalog_name) = '"test_events"'
    
  
  
[0m00:37:00.517571 [debug] [ThreadPool]: Opening a new connection, currently in state init
[0m00:37:00.529341 [debug] [ThreadPool]: SQL status: OK in 0.012 seconds
[0m00:37:00.530583 [debug] [ThreadPool]: On list_test_events: Close
[0m00:37:00.531288 [debug] [ThreadPool]: Re-using an available connection from the pool (formerly list_test_events, now create_test_events_main)
[0m00:37:00.531752 [debug] [ThreadPool]: Creating schema "database: "test_events"
schema: "main"
"
[0m00:37:00.537359 [debug] [ThreadPool]: Using duckdb connection "create_test_events_main"
[0m00:37:00.537687 [debug] [ThreadPool]: On create_test_events_main: /* {"app": "dbt", "dbt_version": "1.11.11", "profile_name": "user_events", "target_name": "dev", "connection_name": "create_test_events_main"} */

    
        select type from duckdb_databases()
        where lower(database_name)='test_events'
        and type='sqlite'
    
  
[0m00:37:00.537894 [debug] [ThreadPool]: Opening a new connection, currently in state closed
[0m00:37:00.539004 [debug] [ThreadPool]: SQL status: OK in 0.001 seconds
[0m00:37:00.540203 [debug] [ThreadPool]: Using duckdb connection "create_test_events_main"
[0m00:37:00.540460 [debug] [ThreadPool]: On create_test_events_main: BEGIN
[0m00:37:00.540961 [debug] [ThreadPool]: SQL status: OK in 0.000 seconds
[0m00:37:00.541183 [debug] [ThreadPool]: Using duckdb connection "create_test_events_main"
[0m00:37:00.541342 [debug] [ThreadPool]: On create_test_events_main: /* {"app": "dbt", "dbt_version": "1.11.11", "profile_name": "user_events", "target_name": "dev", "connection_name": "create_test_events_main"} */

    
    
        create schema if not exists "test_events"."main"
    
[0m00:37:00.541853 [debug] [ThreadPool]: SQL status: OK in 0.000 seconds
[0m00:37:00.542482 [debug] [ThreadPool]: On create_test_events_main: COMMIT
[0m00:37:00.542748 [debug] [ThreadPool]: Using duckdb connection "create_test_events_main"
[0m00:37:00.542918 [debug] [ThreadPool]: On create_test_events_main: COMMIT
[0m00:37:00.543300 [debug] [ThreadPool]: SQL status: OK in 0.000 seconds
[0m00:37:00.543481 [debug] [ThreadPool]: On create_test_events_main: Close
[0m00:37:00.547711 [debug] [ThreadPool]: Re-using an available connection from the pool (formerly create_test_events_main, now list_test_events_main)
[0m00:37:00.553835 [debug] [ThreadPool]: Using duckdb connection "list_test_events_main"
[0m00:37:00.554129 [debug] [ThreadPool]: On list_test_events_main: BEGIN
[0m00:37:00.554300 [debug] [ThreadPool]: Opening a new connection, currently in state closed
[0m00:37:00.554908 [debug] [ThreadPool]: SQL status: OK in 0.001 seconds
[0m00:37:00.555165 [debug] [ThreadPool]: Using duckdb connection "list_test_events_main"
[0m00:37:00.555338 [debug] [ThreadPool]: On list_test_events_main: /* {"app": "dbt", "dbt_version": "1.11.11", "profile_name": "user_events", "target_name": "dev", "connection_name": "list_test_events_main"} */
select
      'test_events' as database,
      table_name as name,
      table_schema as schema,
      CASE table_type
        WHEN 'BASE TABLE' THEN 'table'
        WHEN 'VIEW' THEN 'view'
        WHEN 'LOCAL TEMPORARY' THEN 'table'
        END as type
    from system.information_schema.tables
    where lower(table_schema) = 'main'
    and lower(table_catalog) = 'test_events'
  
[0m00:37:00.557990 [debug] [ThreadPool]: SQL status: OK in 0.002 seconds
[0m00:37:00.559226 [debug] [ThreadPool]: On list_test_events_main: ROLLBACK
[0m00:37:00.560148 [debug] [ThreadPool]: Failed to rollback 'list_test_events_main'
[0m00:37:00.560439 [debug] [ThreadPool]: On list_test_events_main: Close
[0m00:37:00.561167 [debug] [MainThread]: Sending event: {'category': 'dbt', 'action': 'runnable_timing', 'label': 'ddef0564-27b9-4b8c-b4e2-c6ebeed32b05', 'context': [<snowplow_tracker.self_describing_json.SelfDescribingJson object at 0x7ff3cd26ecf0>]}
[0m00:37:00.561514 [debug] [MainThread]: Using duckdb connection "master"
[0m00:37:00.561750 [debug] [MainThread]: On master: BEGIN
[0m00:37:00.561913 [debug] [MainThread]: Opening a new connection, currently in state init
[0m00:37:00.562365 [debug] [MainThread]: SQL status: OK in 0.000 seconds
[0m00:37:00.562583 [debug] [MainThread]: On master: COMMIT
[0m00:37:00.562823 [debug] [MainThread]: Using duckdb connection "master"
[0m00:37:00.562983 [debug] [MainThread]: On master: COMMIT
[0m00:37:00.563322 [debug] [MainThread]: SQL status: OK in 0.000 seconds
[0m00:37:00.563506 [debug] [MainThread]: On master: Close
[0m00:37:00.565276 [debug] [Thread-1 (]: Began running node model.user_events.user_events_mart
[0m00:37:00.565773 [info ] [Thread-1 (]: 1 of 1 START sql incremental model main.user_events_mart ....................... [RUN]
[0m00:37:00.566078 [debug] [Thread-1 (]: Re-using an available connection from the pool (formerly list_test_events_main, now model.user_events.user_events_mart)
[0m00:37:00.566294 [debug] [Thread-1 (]: Began compiling node model.user_events.user_events_mart
[0m00:37:00.575353 [debug] [Thread-1 (]: Writing injected SQL for node "model.user_events.user_events_mart"
[0m00:37:00.575961 [debug] [Thread-1 (]: Began executing node model.user_events.user_events_mart
[0m00:37:00.619452 [debug] [Thread-1 (]: Writing runtime sql for node "model.user_events.user_events_mart"
[0m00:37:00.620292 [debug] [Thread-1 (]: Using duckdb connection "model.user_events.user_events_mart"
[0m00:37:00.620587 [debug] [Thread-1 (]: On model.user_events.user_events_mart: BEGIN
[0m00:37:00.620838 [debug] [Thread-1 (]: Opening a new connection, currently in state closed
[0m00:37:00.621602 [debug] [Thread-1 (]: SQL status: OK in 0.001 seconds
[0m00:37:00.621956 [debug] [Thread-1 (]: Using duckdb connection "model.user_events.user_events_mart"
[0m00:37:00.622173 [debug] [Thread-1 (]: On model.user_events.user_events_mart: /* {"app": "dbt", "dbt_version": "1.11.11", "profile_name": "user_events", "target_name": "dev", "node_id": "model.user_events.user_events_mart"} */

  
    
    

    create  table
      "test_events"."main"."user_events_mart"
  
    as (
      

-- Deduplicate: pick the latest event per user
WITH ranked_events AS (
    SELECT
        event_id,
        user_id,
        event_type,
        user_name,
        user_email,
        updated_at,
        is_deleted,
        ROW_NUMBER() OVER (
            PARTITION BY user_id
            ORDER BY updated_at DESC, event_id DESC  -- FIXED: DESC to get newest record
        ) AS rn
    FROM "test_events"."main"."raw_events"

    
),

latest_per_user AS (
    SELECT
        event_id,
        user_id,
        event_type,
        user_name,
        user_email,
        updated_at,
        is_deleted
    FROM ranked_events
    WHERE rn = 1
)

-- FIXED: exclude soft-deleted users from the mart
SELECT
    user_id,
    user_name,
    user_email,
    event_type AS last_event_type,
    updated_at AS last_updated_at,
    is_deleted
FROM latest_per_user
WHERE is_deleted = FALSE
    );
  
  
  
[0m00:37:00.626034 [debug] [Thread-1 (]: SQL status: OK in 0.004 seconds
[0m00:37:00.638272 [debug] [Thread-1 (]: On model.user_events.user_events_mart: COMMIT
[0m00:37:00.638607 [debug] [Thread-1 (]: Using duckdb connection "model.user_events.user_events_mart"
[0m00:37:00.638880 [debug] [Thread-1 (]: On model.user_events.user_events_mart: COMMIT
[0m00:37:00.644838 [debug] [Thread-1 (]: SQL status: OK in 0.006 seconds
[0m00:37:00.646450 [debug] [Thread-1 (]: On model.user_events.user_events_mart: Close
[0m00:37:00.647998 [debug] [Thread-1 (]: Sending event: {'category': 'dbt', 'action': 'run_model', 'label': 'ddef0564-27b9-4b8c-b4e2-c6ebeed32b05', 'context': [<snowplow_tracker.self_describing_json.SelfDescribingJson object at 0x7ff3d01409e0>]}
[0m00:37:00.648687 [info ] [Thread-1 (]: 1 of 1 OK created sql incremental model main.user_events_mart .................. [[32mOK[0m in 0.08s]
[0m00:37:00.649067 [debug] [Thread-1 (]: Finished running node model.user_events.user_events_mart
[0m00:37:00.650271 [debug] [MainThread]: Using duckdb connection "master"
[0m00:37:00.650542 [debug] [MainThread]: On master: BEGIN
[0m00:37:00.650775 [debug] [MainThread]: Opening a new connection, currently in state closed
[0m00:37:00.651299 [debug] [MainThread]: SQL status: OK in 0.000 seconds
[0m00:37:00.651548 [debug] [MainThread]: On master: COMMIT
[0m00:37:00.651778 [debug] [MainThread]: Using duckdb connection "master"
[0m00:37:00.651936 [debug] [MainThread]: On master: COMMIT
[0m00:37:00.652451 [debug] [MainThread]: SQL status: OK in 0.000 seconds
[0m00:37:00.652754 [debug] [MainThread]: On master: Close
[0m00:37:00.653040 [debug] [MainThread]: Connection 'master' was properly closed.
[0m00:37:00.653199 [debug] [MainThread]: Connection 'model.user_events.user_events_mart' was properly closed.
[0m00:37:00.653380 [info ] [MainThread]: 
[0m00:37:00.653540 [info ] [MainThread]: Finished running 1 incremental model in 0 hours 0 minutes and 0.16 seconds (0.16s).
[0m00:37:00.653999 [debug] [MainThread]: Command end result
[0m00:37:00.733927 [debug] [MainThread]: Wrote artifact WritableManifest to /root/klavis-tb3-task/tasks/dbt-incremental-debugger/solution/dbt_project/target/manifest.json
[0m00:37:00.735569 [debug] [MainThread]: Wrote artifact SemanticManifest to /root/klavis-tb3-task/tasks/dbt-incremental-debugger/solution/dbt_project/target/semantic_manifest.json
[0m00:37:00.740423 [debug] [MainThread]: Wrote artifact RunExecutionResult to /root/klavis-tb3-task/tasks/dbt-incremental-debugger/solution/dbt_project/target/run_results.json
[0m00:37:00.740776 [info ] [MainThread]: 
[0m00:37:00.741051 [info ] [MainThread]: [32mCompleted successfully[0m
[0m00:37:00.741219 [info ] [MainThread]: 
[0m00:37:00.741399 [info ] [MainThread]: Done. PASS=1 WARN=0 ERROR=0 SKIP=0 NO-OP=0 TOTAL=1
[0m00:37:00.742176 [debug] [MainThread]: Resource report: {"command_name": "run", "command_success": true, "command_wall_clock_time": 0.8392426, "process_in_blocks": "0", "process_kernel_time": 0.12318, "process_mem_max_rss": "163248", "process_out_blocks": "2256", "process_user_time": 1.883874}
[0m00:37:00.742519 [debug] [MainThread]: Command `dbt run` succeeded at 00:37:00.742450 after 0.84 seconds
[0m00:37:00.742820 [debug] [MainThread]: Sending event: {'category': 'dbt', 'action': 'invocation', 'label': 'end', 'context': [<snowplow_tracker.self_describing_json.SelfDescribingJson object at 0x7ff3cdb77f20>, <snowplow_tracker.self_describing_json.SelfDescribingJson object at 0x7ff3cee54bc0>, <snowplow_tracker.self_describing_json.SelfDescribingJson object at 0x7ff3cee54b00>]}
[0m00:37:00.743067 [debug] [MainThread]: Flushing usage events
[0m00:37:00.824269 [debug] [MainThread]: An error was encountered while trying to flush usage events
[0m00:37:02.417430 [debug] [MainThread]: Sending event: {'category': 'dbt', 'action': 'invocation', 'label': 'start', 'context': [<snowplow_tracker.self_describing_json.SelfDescribingJson object at 0x7f98389006b0>, <snowplow_tracker.self_describing_json.SelfDescribingJson object at 0x7f983949cfe0>, <snowplow_tracker.self_describing_json.SelfDescribingJson object at 0x7f983cbb2030>]}


============================== 00:37:02.420592 | c621699c-508b-45a6-a30a-8db05bf5fc64 ==============================
[0m00:37:02.420592 [info ] [MainThread]: Running with dbt=1.11.11
[0m00:37:02.421018 [debug] [MainThread]: running dbt with arguments {'log_format': 'default', 'use_experimental_parser': 'False', 'target_path': 'None', 'warn_error_options': 'WarnErrorOptionsV2(error=[], warn=[], silence=[])', 'introspect': 'True', 'debug': 'False', 'empty': 'False', 'write_json': 'True', 'fail_fast': 'False', 'invocation_command': 'dbt run --profiles-dir . -q', 'no_print': 'None', 'profiles_dir': '.', 'use_colors': 'True', 'indirect_selection': 'eager', 'printer_width': '80', 'warn_error': 'None', 'log_path': '/root/klavis-tb3-task/tasks/dbt-incremental-debugger/solution/dbt_project/logs', 'send_anonymous_usage_stats': 'True', 'quiet': 'True', 'static_parser': 'True', 'partial_parse': 'True', 'log_cache_events': 'False', 'cache_selected_only': 'False', 'version_check': 'True'}
[0m00:37:02.614064 [debug] [MainThread]: Sending event: {'category': 'dbt', 'action': 'project_id', 'label': 'c621699c-508b-45a6-a30a-8db05bf5fc64', 'context': [<snowplow_tracker.self_describing_json.SelfDescribingJson object at 0x7f983b71d9d0>]}
[0m00:37:02.670754 [debug] [MainThread]: Sending event: {'category': 'dbt', 'action': 'adapter_info', 'label': 'c621699c-508b-45a6-a30a-8db05bf5fc64', 'context': [<snowplow_tracker.self_describing_json.SelfDescribingJson object at 0x7f983b170d40>]}
[0m00:37:02.672465 [info ] [MainThread]: Registered adapter: duckdb=1.10.1
[0m00:37:02.743240 [debug] [MainThread]: checksum: 30a8cc8fdcbf66701b0944d4ccce3fa46dd04b61e5df68b9f16d57b2e0e3f0be, vars: {}, profile: , target: , version: 1.11.11
[0m00:37:02.836672 [debug] [MainThread]: Partial parsing enabled: 0 files deleted, 0 files added, 0 files changed.
[0m00:37:02.837164 [debug] [MainThread]: Nothing changed, skipping partial parsing.
[0m00:37:02.837379 [debug] [MainThread]: Partial parsing enabled, no changes found, skipping parsing
[0m00:37:02.842428 [warn ] [MainThread]: [[33mWARNING[0m]: Configuration paths exist in your dbt_project.yml file which do not apply to any resources.
There are 1 unused configuration paths:
- models.user_events.marts
[0m00:37:02.876391 [debug] [MainThread]: Sending event: {'category': 'dbt', 'action': 'load_project', 'label': 'c621699c-508b-45a6-a30a-8db05bf5fc64', 'context': [<snowplow_tracker.self_describing_json.SelfDescribingJson object at 0x7f983887d3d0>]}
[0m00:37:02.945353 [debug] [MainThread]: Wrote artifact WritableManifest to /root/klavis-tb3-task/tasks/dbt-incremental-debugger/solution/dbt_project/target/manifest.json
[0m00:37:02.947208 [debug] [MainThread]: Wrote artifact SemanticManifest to /root/klavis-tb3-task/tasks/dbt-incremental-debugger/solution/dbt_project/target/semantic_manifest.json
[0m00:37:02.954399 [debug] [MainThread]: Sending event: {'category': 'dbt', 'action': 'resource_counts', 'label': 'c621699c-508b-45a6-a30a-8db05bf5fc64', 'context': [<snowplow_tracker.self_describing_json.SelfDescribingJson object at 0x7f9834009a30>]}
[0m00:37:02.954839 [info ] [MainThread]: Found 1 model, 1 seed, 2 data tests, 485 macros
[0m00:37:02.955048 [debug] [MainThread]: Sending event: {'category': 'dbt', 'action': 'runnable_timing', 'label': 'c621699c-508b-45a6-a30a-8db05bf5fc64', 'context': [<snowplow_tracker.self_describing_json.SelfDescribingJson object at 0x7f9833faeae0>]}
[0m00:37:02.956550 [info ] [MainThread]: 
[0m00:37:02.956871 [info ] [MainThread]: Concurrency: 1 threads (target='dev')
[0m00:37:02.957038 [info ] [MainThread]: 
[0m00:37:02.957412 [debug] [MainThread]: Acquiring new duckdb connection 'master'
[0m00:37:02.958380 [debug] [ThreadPool]: Acquiring new duckdb connection 'list_test_events'
[0m00:37:02.983841 [debug] [ThreadPool]: Using duckdb connection "list_test_events"
[0m00:37:02.984142 [debug] [ThreadPool]: On list_test_events: /* {"app": "dbt", "dbt_version": "1.11.11", "profile_name": "user_events", "target_name": "dev", "connection_name": "list_test_events"} */

    
    select schema_name
    from system.information_schema.schemata
    
    where lower(catalog_name) = '"test_events"'
    
  
  
[0m00:37:02.984394 [debug] [ThreadPool]: Opening a new connection, currently in state init
[0m00:37:02.995976 [debug] [ThreadPool]: SQL status: OK in 0.012 seconds
[0m00:37:02.997216 [debug] [ThreadPool]: On list_test_events: Close
[0m00:37:02.997891 [debug] [ThreadPool]: Re-using an available connection from the pool (formerly list_test_events, now create_test_events_main)
[0m00:37:02.998239 [debug] [ThreadPool]: Creating schema "database: "test_events"
schema: "main"
"
[0m00:37:03.003913 [debug] [ThreadPool]: Using duckdb connection "create_test_events_main"
[0m00:37:03.004239 [debug] [ThreadPool]: On create_test_events_main: /* {"app": "dbt", "dbt_version": "1.11.11", "profile_name": "user_events", "target_name": "dev", "connection_name": "create_test_events_main"} */

    
        select type from duckdb_databases()
        where lower(database_name)='test_events'
        and type='sqlite'
    
  
[0m00:37:03.004427 [debug] [ThreadPool]: Opening a new connection, currently in state closed
[0m00:37:03.005398 [debug] [ThreadPool]: SQL status: OK in 0.001 seconds
[0m00:37:03.006549 [debug] [ThreadPool]: Using duckdb connection "create_test_events_main"
[0m00:37:03.006854 [debug] [ThreadPool]: On create_test_events_main: BEGIN
[0m00:37:03.007251 [debug] [ThreadPool]: SQL status: OK in 0.000 seconds
[0m00:37:03.007476 [debug] [ThreadPool]: Using duckdb connection "create_test_events_main"
[0m00:37:03.007633 [debug] [ThreadPool]: On create_test_events_main: /* {"app": "dbt", "dbt_version": "1.11.11", "profile_name": "user_events", "target_name": "dev", "connection_name": "create_test_events_main"} */

    
    
        create schema if not exists "test_events"."main"
    
[0m00:37:03.008295 [debug] [ThreadPool]: SQL status: OK in 0.000 seconds
[0m00:37:03.009073 [debug] [ThreadPool]: On create_test_events_main: COMMIT
[0m00:37:03.009341 [debug] [ThreadPool]: Using duckdb connection "create_test_events_main"
[0m00:37:03.009505 [debug] [ThreadPool]: On create_test_events_main: COMMIT
[0m00:37:03.009956 [debug] [ThreadPool]: SQL status: OK in 0.000 seconds
[0m00:37:03.010186 [debug] [ThreadPool]: On create_test_events_main: Close
[0m00:37:03.014471 [debug] [ThreadPool]: Re-using an available connection from the pool (formerly create_test_events_main, now list_test_events_main)
[0m00:37:03.021547 [debug] [ThreadPool]: Using duckdb connection "list_test_events_main"
[0m00:37:03.021897 [debug] [ThreadPool]: On list_test_events_main: BEGIN
[0m00:37:03.022073 [debug] [ThreadPool]: Opening a new connection, currently in state closed
[0m00:37:03.025022 [debug] [ThreadPool]: SQL status: OK in 0.001 seconds
[0m00:37:03.025329 [debug] [ThreadPool]: Using duckdb connection "list_test_events_main"
[0m00:37:03.025514 [debug] [ThreadPool]: On list_test_events_main: /* {"app": "dbt", "dbt_version": "1.11.11", "profile_name": "user_events", "target_name": "dev", "connection_name": "list_test_events_main"} */
select
      'test_events' as database,
      table_name as name,
      table_schema as schema,
      CASE table_type
        WHEN 'BASE TABLE' THEN 'table'
        WHEN 'VIEW' THEN 'view'
        WHEN 'LOCAL TEMPORARY' THEN 'table'
        END as type
    from system.information_schema.tables
    where lower(table_schema) = 'main'
    and lower(table_catalog) = 'test_events'
  
[0m00:37:03.028313 [debug] [ThreadPool]: SQL status: OK in 0.003 seconds
[0m00:37:03.029525 [debug] [ThreadPool]: On list_test_events_main: ROLLBACK
[0m00:37:03.030438 [debug] [ThreadPool]: Failed to rollback 'list_test_events_main'
[0m00:37:03.030721 [debug] [ThreadPool]: On list_test_events_main: Close
[0m00:37:03.031534 [debug] [MainThread]: Sending event: {'category': 'dbt', 'action': 'runnable_timing', 'label': 'c621699c-508b-45a6-a30a-8db05bf5fc64', 'context': [<snowplow_tracker.self_describing_json.SelfDescribingJson object at 0x7f98335b12b0>]}
[0m00:37:03.031951 [debug] [MainThread]: Using duckdb connection "master"
[0m00:37:03.032143 [debug] [MainThread]: On master: BEGIN
[0m00:37:03.032412 [debug] [MainThread]: Opening a new connection, currently in state init
[0m00:37:03.032981 [debug] [MainThread]: SQL status: OK in 0.001 seconds
[0m00:37:03.033232 [debug] [MainThread]: On master: COMMIT
[0m00:37:03.033399 [debug] [MainThread]: Using duckdb connection "master"
[0m00:37:03.033549 [debug] [MainThread]: On master: COMMIT
[0m00:37:03.033949 [debug] [MainThread]: SQL status: OK in 0.000 seconds
[0m00:37:03.034152 [debug] [MainThread]: On master: Close
[0m00:37:03.035706 [debug] [Thread-1 (]: Began running node model.user_events.user_events_mart
[0m00:37:03.036225 [info ] [Thread-1 (]: 1 of 1 START sql incremental model main.user_events_mart ....................... [RUN]
[0m00:37:03.036536 [debug] [Thread-1 (]: Re-using an available connection from the pool (formerly list_test_events_main, now model.user_events.user_events_mart)
[0m00:37:03.036819 [debug] [Thread-1 (]: Began compiling node model.user_events.user_events_mart
[0m00:37:03.047768 [debug] [Thread-1 (]: Writing injected SQL for node "model.user_events.user_events_mart"
[0m00:37:03.048424 [debug] [Thread-1 (]: Began executing node model.user_events.user_events_mart
[0m00:37:03.091014 [debug] [Thread-1 (]: Using duckdb connection "model.user_events.user_events_mart"
[0m00:37:03.091417 [debug] [Thread-1 (]: On model.user_events.user_events_mart: /* {"app": "dbt", "dbt_version": "1.11.11", "profile_name": "user_events", "target_name": "dev", "node_id": "model.user_events.user_events_mart"} */

    
  
    
    

    create temporary table
      "user_events_mart__dbt_tmp20260629003703073384"
  
    as (
      

-- Deduplicate: pick the latest event per user
WITH ranked_events AS (
    SELECT
        event_id,
        user_id,
        event_type,
        user_name,
        user_email,
        updated_at,
        is_deleted,
        ROW_NUMBER() OVER (
            PARTITION BY user_id
            ORDER BY updated_at DESC, event_id DESC  -- FIXED: DESC to get newest record
        ) AS rn
    FROM "test_events"."main"."raw_events"

    
    -- FIXED: >= includes rows where updated_at == current max (boundary rows)
    WHERE updated_at >= (
        SELECT MAX(updated_at) FROM "test_events"."main"."user_events_mart"
    )
    
),

latest_per_user AS (
    SELECT
        event_id,
        user_id,
        event_type,
        user_name,
        user_email,
        updated_at,
        is_deleted
    FROM ranked_events
    WHERE rn = 1
)

-- FIXED: exclude soft-deleted users from the mart
SELECT
    user_id,
    user_name,
    user_email,
    event_type AS last_event_type,
    updated_at AS last_updated_at,
    is_deleted
FROM latest_per_user
WHERE is_deleted = FALSE
    );
  
  
  
[0m00:37:03.091730 [debug] [Thread-1 (]: Opening a new connection, currently in state closed
[0m00:37:03.093021 [debug] [Thread-1 (]: DuckDB adapter: duckdb error: Binder Error: WHERE clause cannot contain aggregates!

LINE 33:         SELECT MAX(updated_at) FROM "test_events"."main"."user_events_mart...
                        ^
[0m00:37:03.093511 [debug] [Thread-1 (]: DuckDB adapter: Error running SQL: /* {"app": "dbt", "dbt_version": "1.11.11", "profile_name": "user_events", "target_name": "dev", "node_id": "model.user_events.user_events_mart"} */

    
  
    
    

    create temporary table
      "user_events_mart__dbt_tmp20260629003703073384"
  
    as (
      

-- Deduplicate: pick the latest event per user
WITH ranked_events AS (
    SELECT
        event_id,
        user_id,
        event_type,
        user_name,
        user_email,
        updated_at,
        is_deleted,
        ROW_NUMBER() OVER (
            PARTITION BY user_id
            ORDER BY updated_at DESC, event_id DESC  -- FIXED: DESC to get newest record
        ) AS rn
    FROM "test_events"."main"."raw_events"

    
    -- FIXED: >= includes rows where updated_at == current max (boundary rows)
    WHERE updated_at >= (
        SELECT MAX(updated_at) FROM "test_events"."main"."user_events_mart"
    )
    
),

latest_per_user AS (
    SELECT
        event_id,
        user_id,
        event_type,
        user_name,
        user_email,
        updated_at,
        is_deleted
    FROM ranked_events
    WHERE rn = 1
)

-- FIXED: exclude soft-deleted users from the mart
SELECT
    user_id,
    user_name,
    user_email,
    event_type AS last_event_type,
    updated_at AS last_updated_at,
    is_deleted
FROM latest_per_user
WHERE is_deleted = FALSE
    );
  
  
  
[0m00:37:03.093831 [debug] [Thread-1 (]: DuckDB adapter: Rolling back transaction.
[0m00:37:03.094137 [debug] [Thread-1 (]: On model.user_events.user_events_mart: Close
[0m00:37:03.096999 [debug] [Thread-1 (]: Runtime Error in model user_events_mart (models/user_events_mart.sql)
  Binder Error: WHERE clause cannot contain aggregates!
  
  LINE 33:         SELECT MAX(updated_at) FROM "test_events"."main"."user_events_mart...
                          ^
[0m00:37:03.098466 [debug] [Thread-1 (]: Sending event: {'category': 'dbt', 'action': 'run_model', 'label': 'c621699c-508b-45a6-a30a-8db05bf5fc64', 'context': [<snowplow_tracker.self_describing_json.SelfDescribingJson object at 0x7f983992ef00>]}
[0m00:37:03.099096 [error] [Thread-1 (]: 1 of 1 ERROR creating sql incremental model main.user_events_mart .............. [[31mERROR[0m in 0.06s]
[0m00:37:03.100323 [debug] [Thread-1 (]: Finished running node model.user_events.user_events_mart
[0m00:37:03.100789 [debug] [Thread-4 (]: Marking all children of 'model.user_events.user_events_mart' to be skipped because of status 'error'.  Reason: Runtime Error in model user_events_mart (models/user_events_mart.sql)
  Binder Error: WHERE clause cannot contain aggregates!
  
  LINE 33:         SELECT MAX(updated_at) FROM "test_events"."main"."user_events_mart...
                          ^.
[0m00:37:03.102585 [debug] [MainThread]: Using duckdb connection "master"
[0m00:37:03.102929 [debug] [MainThread]: On master: BEGIN
[0m00:37:03.103105 [debug] [MainThread]: Opening a new connection, currently in state closed
[0m00:37:03.103770 [debug] [MainThread]: SQL status: OK in 0.001 seconds
[0m00:37:03.104031 [debug] [MainThread]: On master: COMMIT
[0m00:37:03.104306 [debug] [MainThread]: Using duckdb connection "master"
[0m00:37:03.104473 [debug] [MainThread]: On master: COMMIT
[0m00:37:03.104978 [debug] [MainThread]: SQL status: OK in 0.000 seconds
[0m00:37:03.105215 [debug] [MainThread]: On master: Close
[0m00:37:03.105485 [debug] [MainThread]: Connection 'master' was properly closed.
[0m00:37:03.105633 [debug] [MainThread]: Connection 'model.user_events.user_events_mart' was properly closed.
[0m00:37:03.105882 [info ] [MainThread]: 
[0m00:37:03.106047 [info ] [MainThread]: Finished running 1 incremental model in 0 hours 0 minutes and 0.15 seconds (0.15s).
[0m00:37:03.106470 [debug] [MainThread]: Command end result
[0m00:37:03.189128 [debug] [MainThread]: Wrote artifact WritableManifest to /root/klavis-tb3-task/tasks/dbt-incremental-debugger/solution/dbt_project/target/manifest.json
[0m00:37:03.190828 [debug] [MainThread]: Wrote artifact SemanticManifest to /root/klavis-tb3-task/tasks/dbt-incremental-debugger/solution/dbt_project/target/semantic_manifest.json
[0m00:37:03.195587 [debug] [MainThread]: Wrote artifact RunExecutionResult to /root/klavis-tb3-task/tasks/dbt-incremental-debugger/solution/dbt_project/target/run_results.json
[0m00:37:03.195933 [info ] [MainThread]: 
[0m00:37:03.196197 [info ] [MainThread]: [31mCompleted with 1 error, 0 partial successes, and 0 warnings:[0m
[0m00:37:03.196380 [info ] [MainThread]: 
[0m00:37:03.196591 [error] [MainThread]: [31mFailure in model user_events_mart (models/user_events_mart.sql)[0m
[0m00:37:03.197075 [error] [MainThread]:   Runtime Error in model user_events_mart (models/user_events_mart.sql)
  Binder Error: WHERE clause cannot contain aggregates!
  
  LINE 33:         SELECT MAX(updated_at) FROM "test_events"."main"."user_events_mart...
                          ^
[0m00:37:03.197301 [info ] [MainThread]: 
[0m00:37:03.197489 [info ] [MainThread]:   compiled code at target/compiled/user_events/models/user_events_mart.sql
[0m00:37:03.197631 [info ] [MainThread]: 
[0m00:37:03.197951 [info ] [MainThread]: Done. PASS=0 WARN=0 ERROR=1 SKIP=0 NO-OP=0 TOTAL=1
[0m00:37:03.198717 [debug] [MainThread]: Resource report: {"command_name": "run", "command_success": false, "command_wall_clock_time": 0.8329537, "process_in_blocks": "0", "process_kernel_time": 0.091461, "process_mem_max_rss": "162216", "process_out_blocks": "2216", "process_user_time": 1.920535}
[0m00:37:03.199084 [debug] [MainThread]: Command `dbt run` failed at 00:37:03.199014 after 0.83 seconds
[0m00:37:03.199325 [debug] [MainThread]: Sending event: {'category': 'dbt', 'action': 'invocation', 'label': 'end', 'context': [<snowplow_tracker.self_describing_json.SelfDescribingJson object at 0x7f983941ac30>, <snowplow_tracker.self_describing_json.SelfDescribingJson object at 0x7f9839788920>, <snowplow_tracker.self_describing_json.SelfDescribingJson object at 0x7f98340d1970>]}
[0m00:37:03.199550 [debug] [MainThread]: Flushing usage events
[0m00:37:03.242516 [debug] [MainThread]: An error was encountered while trying to flush usage events
[0m00:37:24.103164 [debug] [MainThread]: Sending event: {'category': 'dbt', 'action': 'invocation', 'label': 'start', 'context': [<snowplow_tracker.self_describing_json.SelfDescribingJson object at 0x7f0205a5a660>, <snowplow_tracker.self_describing_json.SelfDescribingJson object at 0x7f0205122ea0>, <snowplow_tracker.self_describing_json.SelfDescribingJson object at 0x7f020629d340>]}


============================== 00:37:24.106404 | 269e3d03-f8a6-4a4f-bdbe-1ad316712063 ==============================
[0m00:37:24.106404 [info ] [MainThread]: Running with dbt=1.11.11
[0m00:37:24.106830 [debug] [MainThread]: running dbt with arguments {'send_anonymous_usage_stats': 'True', 'partial_parse': 'True', 'log_cache_events': 'False', 'warn_error': 'None', 'no_print': 'None', 'invocation_command': 'dbt seed --profiles-dir . -q', 'use_experimental_parser': 'False', 'cache_selected_only': 'False', 'introspect': 'True', 'quiet': 'True', 'fail_fast': 'False', 'use_colors': 'True', 'printer_width': '80', 'static_parser': 'True', 'empty': 'None', 'indirect_selection': 'eager', 'version_check': 'True', 'target_path': 'None', 'log_path': '/root/klavis-tb3-task/tasks/dbt-incremental-debugger/solution/dbt_project/logs', 'log_format': 'default', 'profiles_dir': '.', 'warn_error_options': 'WarnErrorOptionsV2(error=[], warn=[], silence=[])', 'debug': 'False', 'write_json': 'True'}
[0m00:37:24.303591 [debug] [MainThread]: Sending event: {'category': 'dbt', 'action': 'project_id', 'label': '269e3d03-f8a6-4a4f-bdbe-1ad316712063', 'context': [<snowplow_tracker.self_describing_json.SelfDescribingJson object at 0x7f02058ce8a0>]}
[0m00:37:24.360984 [debug] [MainThread]: Sending event: {'category': 'dbt', 'action': 'adapter_info', 'label': '269e3d03-f8a6-4a4f-bdbe-1ad316712063', 'context': [<snowplow_tracker.self_describing_json.SelfDescribingJson object at 0x7f0204abbbc0>]}
[0m00:37:24.362813 [info ] [MainThread]: Registered adapter: duckdb=1.10.1
[0m00:37:24.434903 [debug] [MainThread]: checksum: 30a8cc8fdcbf66701b0944d4ccce3fa46dd04b61e5df68b9f16d57b2e0e3f0be, vars: {}, profile: , target: , version: 1.11.11
[0m00:37:24.531433 [debug] [MainThread]: Partial parsing enabled: 0 files deleted, 0 files added, 1 files changed.
[0m00:37:24.532108 [debug] [MainThread]: Partial parsing: updated file: user_events://models/user_events_mart.sql
[0m00:37:24.977518 [warn ] [MainThread]: [[33mWARNING[0m]: Configuration paths exist in your dbt_project.yml file which do not apply to any resources.
There are 1 unused configuration paths:
- models.user_events.marts
[0m00:37:24.981974 [debug] [MainThread]: Sending event: {'category': 'dbt', 'action': 'load_project', 'label': '269e3d03-f8a6-4a4f-bdbe-1ad316712063', 'context': [<snowplow_tracker.self_describing_json.SelfDescribingJson object at 0x7f02075c7890>]}
[0m00:37:25.050395 [debug] [MainThread]: Wrote artifact WritableManifest to /root/klavis-tb3-task/tasks/dbt-incremental-debugger/solution/dbt_project/target/manifest.json
[0m00:37:25.052426 [debug] [MainThread]: Wrote artifact SemanticManifest to /root/klavis-tb3-task/tasks/dbt-incremental-debugger/solution/dbt_project/target/semantic_manifest.json
[0m00:37:25.060364 [debug] [MainThread]: Sending event: {'category': 'dbt', 'action': 'resource_counts', 'label': '269e3d03-f8a6-4a4f-bdbe-1ad316712063', 'context': [<snowplow_tracker.self_describing_json.SelfDescribingJson object at 0x7f02000b9970>]}
[0m00:37:25.060862 [info ] [MainThread]: Found 1 seed, 1 model, 2 data tests, 485 macros
[0m00:37:25.061075 [debug] [MainThread]: Sending event: {'category': 'dbt', 'action': 'runnable_timing', 'label': '269e3d03-f8a6-4a4f-bdbe-1ad316712063', 'context': [<snowplow_tracker.self_describing_json.SelfDescribingJson object at 0x7f020009f590>]}
[0m00:37:25.062886 [info ] [MainThread]: 
[0m00:37:25.064690 [info ] [MainThread]: Concurrency: 1 threads (target='dev')
[0m00:37:25.064996 [info ] [MainThread]: 
[0m00:37:25.065373 [debug] [MainThread]: Acquiring new duckdb connection 'master'
[0m00:37:25.066245 [debug] [ThreadPool]: Acquiring new duckdb connection 'list_test_events'
[0m00:37:25.092896 [debug] [ThreadPool]: Using duckdb connection "list_test_events"
[0m00:37:25.093253 [debug] [ThreadPool]: On list_test_events: /* {"app": "dbt", "dbt_version": "1.11.11", "profile_name": "user_events", "target_name": "dev", "connection_name": "list_test_events"} */

    
    select schema_name
    from system.information_schema.schemata
    
    where lower(catalog_name) = '"test_events"'
    
  
  
[0m00:37:25.093467 [debug] [ThreadPool]: Opening a new connection, currently in state init
[0m00:37:25.175546 [debug] [ThreadPool]: SQL status: OK in 0.082 seconds
[0m00:37:25.177270 [debug] [ThreadPool]: On list_test_events: Close
[0m00:37:25.178065 [debug] [ThreadPool]: Re-using an available connection from the pool (formerly list_test_events, now create_test_events_main)
[0m00:37:25.178452 [debug] [ThreadPool]: Creating schema "database: "test_events"
schema: "main"
"
[0m00:37:25.184620 [debug] [ThreadPool]: Using duckdb connection "create_test_events_main"
[0m00:37:25.184995 [debug] [ThreadPool]: On create_test_events_main: /* {"app": "dbt", "dbt_version": "1.11.11", "profile_name": "user_events", "target_name": "dev", "connection_name": "create_test_events_main"} */

    
        select type from duckdb_databases()
        where lower(database_name)='test_events'
        and type='sqlite'
    
  
[0m00:37:25.185188 [debug] [ThreadPool]: Opening a new connection, currently in state closed
[0m00:37:25.186279 [debug] [ThreadPool]: SQL status: OK in 0.001 seconds
[0m00:37:25.187570 [debug] [ThreadPool]: Using duckdb connection "create_test_events_main"
[0m00:37:25.187888 [debug] [ThreadPool]: On create_test_events_main: BEGIN
[0m00:37:25.188381 [debug] [ThreadPool]: SQL status: OK in 0.000 seconds
[0m00:37:25.188593 [debug] [ThreadPool]: Using duckdb connection "create_test_events_main"
[0m00:37:25.188814 [debug] [ThreadPool]: On create_test_events_main: /* {"app": "dbt", "dbt_version": "1.11.11", "profile_name": "user_events", "target_name": "dev", "connection_name": "create_test_events_main"} */

    
    
        create schema if not exists "test_events"."main"
    
[0m00:37:25.189304 [debug] [ThreadPool]: SQL status: OK in 0.000 seconds
[0m00:37:25.190137 [debug] [ThreadPool]: On create_test_events_main: COMMIT
[0m00:37:25.190415 [debug] [ThreadPool]: Using duckdb connection "create_test_events_main"
[0m00:37:25.190756 [debug] [ThreadPool]: On create_test_events_main: COMMIT
[0m00:37:25.191322 [debug] [ThreadPool]: SQL status: OK in 0.000 seconds
[0m00:37:25.191598 [debug] [ThreadPool]: On create_test_events_main: Close
[0m00:37:25.196875 [debug] [ThreadPool]: Acquiring new duckdb connection 'list_test_events_main'
[0m00:37:25.201852 [debug] [ThreadPool]: Using duckdb connection "list_test_events_main"
[0m00:37:25.202162 [debug] [ThreadPool]: On list_test_events_main: BEGIN
[0m00:37:25.202422 [debug] [ThreadPool]: Opening a new connection, currently in state init
[0m00:37:25.203097 [debug] [ThreadPool]: SQL status: OK in 0.001 seconds
[0m00:37:25.203364 [debug] [ThreadPool]: Using duckdb connection "list_test_events_main"
[0m00:37:25.203534 [debug] [ThreadPool]: On list_test_events_main: /* {"app": "dbt", "dbt_version": "1.11.11", "profile_name": "user_events", "target_name": "dev", "connection_name": "list_test_events_main"} */
select
      'test_events' as database,
      table_name as name,
      table_schema as schema,
      CASE table_type
        WHEN 'BASE TABLE' THEN 'table'
        WHEN 'VIEW' THEN 'view'
        WHEN 'LOCAL TEMPORARY' THEN 'table'
        END as type
    from system.information_schema.tables
    where lower(table_schema) = 'main'
    and lower(table_catalog) = 'test_events'
  
[0m00:37:25.206374 [debug] [ThreadPool]: SQL status: OK in 0.003 seconds
[0m00:37:25.207611 [debug] [ThreadPool]: On list_test_events_main: ROLLBACK
[0m00:37:25.208730 [debug] [ThreadPool]: Failed to rollback 'list_test_events_main'
[0m00:37:25.209013 [debug] [ThreadPool]: On list_test_events_main: Close
[0m00:37:25.209605 [debug] [MainThread]: Sending event: {'category': 'dbt', 'action': 'runnable_timing', 'label': '269e3d03-f8a6-4a4f-bdbe-1ad316712063', 'context': [<snowplow_tracker.self_describing_json.SelfDescribingJson object at 0x7f0200117530>]}
[0m00:37:25.210116 [debug] [MainThread]: Using duckdb connection "master"
[0m00:37:25.210321 [debug] [MainThread]: On master: BEGIN
[0m00:37:25.210480 [debug] [MainThread]: Opening a new connection, currently in state init
[0m00:37:25.211071 [debug] [MainThread]: SQL status: OK in 0.001 seconds
[0m00:37:25.211318 [debug] [MainThread]: On master: COMMIT
[0m00:37:25.211484 [debug] [MainThread]: Using duckdb connection "master"
[0m00:37:25.211636 [debug] [MainThread]: On master: COMMIT
[0m00:37:25.212064 [debug] [MainThread]: SQL status: OK in 0.000 seconds
[0m00:37:25.212347 [debug] [MainThread]: On master: Close
[0m00:37:25.214424 [debug] [Thread-1 (]: Began running node seed.user_events.raw_events
[0m00:37:25.215049 [info ] [Thread-1 (]: 1 of 1 START seed file main.raw_events ......................................... [RUN]
[0m00:37:25.215368 [debug] [Thread-1 (]: Re-using an available connection from the pool (formerly list_test_events_main, now seed.user_events.raw_events)
[0m00:37:25.215598 [debug] [Thread-1 (]: Began compiling node seed.user_events.raw_events
[0m00:37:25.215887 [debug] [Thread-1 (]: Began executing node seed.user_events.raw_events
[0m00:37:25.238760 [debug] [Thread-1 (]: Using duckdb connection "seed.user_events.raw_events"
[0m00:37:25.239218 [debug] [Thread-1 (]: On seed.user_events.raw_events: BEGIN
[0m00:37:25.239463 [debug] [Thread-1 (]: Opening a new connection, currently in state closed
[0m00:37:25.240278 [debug] [Thread-1 (]: SQL status: OK in 0.001 seconds
[0m00:37:25.240595 [debug] [Thread-1 (]: Using duckdb connection "seed.user_events.raw_events"
[0m00:37:25.240879 [debug] [Thread-1 (]: On seed.user_events.raw_events: /* {"app": "dbt", "dbt_version": "1.11.11", "profile_name": "user_events", "target_name": "dev", "node_id": "seed.user_events.raw_events"} */

    create table "test_events"."main"."raw_events" ("event_id" integer,"user_id" integer,"event_type" text,"user_name" text,"user_email" text,"updated_at" timestamp without time zone,"is_deleted" boolean)
  
[0m00:37:25.241791 [debug] [Thread-1 (]: SQL status: OK in 0.001 seconds
[0m00:37:25.250402 [debug] [Thread-1 (]: Using duckdb connection "seed.user_events.raw_events"
[0m00:37:25.250812 [debug] [Thread-1 (]: On seed.user_events.raw_events: 
          COPY "test_events"."main"."raw_events" FROM '/root/klavis-tb3-task/tasks/dbt-incremental-debugger/solution/dbt_project/seeds/raw_events.csv' (FORMAT CSV, HEADER TRUE, DELIMITER ',')
        ...
[0m00:37:25.256607 [debug] [Thread-1 (]: SQL status: OK in 0.005 seconds
[0m00:37:25.261500 [debug] [Thread-1 (]: Writing runtime SQL for node "seed.user_events.raw_events"
[0m00:37:25.276477 [debug] [Thread-1 (]: On seed.user_events.raw_events: COMMIT
[0m00:37:25.276936 [debug] [Thread-1 (]: Using duckdb connection "seed.user_events.raw_events"
[0m00:37:25.277154 [debug] [Thread-1 (]: On seed.user_events.raw_events: COMMIT
[0m00:37:25.280484 [debug] [Thread-1 (]: SQL status: OK in 0.003 seconds
[0m00:37:25.283200 [debug] [Thread-1 (]: On seed.user_events.raw_events: Close
[0m00:37:25.285531 [debug] [Thread-1 (]: Sending event: {'category': 'dbt', 'action': 'run_model', 'label': '269e3d03-f8a6-4a4f-bdbe-1ad316712063', 'context': [<snowplow_tracker.self_describing_json.SelfDescribingJson object at 0x7f01ffde2510>]}
[0m00:37:25.286153 [info ] [Thread-1 (]: 1 of 1 OK loaded seed file main.raw_events ..................................... [[32mINSERT 20[0m in 0.07s]
[0m00:37:25.286572 [debug] [Thread-1 (]: Finished running node seed.user_events.raw_events
[0m00:37:25.288764 [debug] [MainThread]: Using duckdb connection "master"
[0m00:37:25.289232 [debug] [MainThread]: On master: BEGIN
[0m00:37:25.289590 [debug] [MainThread]: Opening a new connection, currently in state closed
[0m00:37:25.290564 [debug] [MainThread]: SQL status: OK in 0.001 seconds
[0m00:37:25.291096 [debug] [MainThread]: On master: COMMIT
[0m00:37:25.291618 [debug] [MainThread]: Using duckdb connection "master"
[0m00:37:25.292063 [debug] [MainThread]: On master: COMMIT
[0m00:37:25.293071 [debug] [MainThread]: SQL status: OK in 0.000 seconds
[0m00:37:25.293524 [debug] [MainThread]: On master: Close
[0m00:37:25.294184 [debug] [MainThread]: Connection 'master' was properly closed.
[0m00:37:25.294704 [debug] [MainThread]: Connection 'create_test_events_main' was properly closed.
[0m00:37:25.295069 [debug] [MainThread]: Connection 'seed.user_events.raw_events' was properly closed.
[0m00:37:25.295415 [info ] [MainThread]: 
[0m00:37:25.295827 [info ] [MainThread]: Finished running 1 seed in 0 hours 0 minutes and 0.23 seconds (0.23s).
[0m00:37:25.296863 [debug] [MainThread]: Command end result
[0m00:37:25.321456 [debug] [MainThread]: Wrote artifact WritableManifest to /root/klavis-tb3-task/tasks/dbt-incremental-debugger/solution/dbt_project/target/manifest.json
[0m00:37:25.323532 [debug] [MainThread]: Wrote artifact SemanticManifest to /root/klavis-tb3-task/tasks/dbt-incremental-debugger/solution/dbt_project/target/semantic_manifest.json
[0m00:37:25.331126 [debug] [MainThread]: Wrote artifact RunExecutionResult to /root/klavis-tb3-task/tasks/dbt-incremental-debugger/solution/dbt_project/target/run_results.json
[0m00:37:25.331761 [info ] [MainThread]: 
[0m00:37:25.332333 [info ] [MainThread]: [32mCompleted successfully[0m
[0m00:37:25.332813 [info ] [MainThread]: 
[0m00:37:25.333211 [info ] [MainThread]: Done. PASS=1 WARN=0 ERROR=0 SKIP=0 NO-OP=0 TOTAL=1
[0m00:37:25.334293 [debug] [MainThread]: Resource report: {"command_name": "seed", "command_success": true, "command_wall_clock_time": 1.2840878, "process_in_blocks": "0", "process_kernel_time": 0.170849, "process_mem_max_rss": "166260", "process_out_blocks": "3280", "process_user_time": 2.292666}
[0m00:37:25.334791 [debug] [MainThread]: Command `dbt seed` succeeded at 00:37:25.334637 after 1.28 seconds
[0m00:37:25.335105 [debug] [MainThread]: Sending event: {'category': 'dbt', 'action': 'invocation', 'label': 'end', 'context': [<snowplow_tracker.self_describing_json.SelfDescribingJson object at 0x7f0205715df0>, <snowplow_tracker.self_describing_json.SelfDescribingJson object at 0x7f01ff21f500>, <snowplow_tracker.self_describing_json.SelfDescribingJson object at 0x7f01ffba5be0>]}
[0m00:37:25.335433 [debug] [MainThread]: Flushing usage events
[0m00:37:25.386166 [debug] [MainThread]: An error was encountered while trying to flush usage events
[0m00:37:27.081350 [debug] [MainThread]: Sending event: {'category': 'dbt', 'action': 'invocation', 'label': 'start', 'context': [<snowplow_tracker.self_describing_json.SelfDescribingJson object at 0x7facc6106390>, <snowplow_tracker.self_describing_json.SelfDescribingJson object at 0x7facc5721970>, <snowplow_tracker.self_describing_json.SelfDescribingJson object at 0x7facc506c950>]}


============================== 00:37:27.084606 | de996b39-5d92-4652-bd8e-9716550385b3 ==============================
[0m00:37:27.084606 [info ] [MainThread]: Running with dbt=1.11.11
[0m00:37:27.085176 [debug] [MainThread]: running dbt with arguments {'send_anonymous_usage_stats': 'True', 'profiles_dir': '.', 'version_check': 'True', 'static_parser': 'True', 'invocation_command': 'dbt run --full-refresh --profiles-dir .', 'log_format': 'default', 'warn_error_options': 'WarnErrorOptionsV2(error=[], warn=[], silence=[])', 'target_path': 'None', 'empty': 'False', 'debug': 'False', 'write_json': 'True', 'printer_width': '80', 'log_path': '/root/klavis-tb3-task/tasks/dbt-incremental-debugger/solution/dbt_project/logs', 'cache_selected_only': 'False', 'introspect': 'True', 'quiet': 'False', 'use_colors': 'True', 'warn_error': 'None', 'fail_fast': 'False', 'use_experimental_parser': 'False', 'partial_parse': 'True', 'log_cache_events': 'False', 'indirect_selection': 'eager', 'no_print': 'None'}
[0m00:37:27.282950 [debug] [MainThread]: Sending event: {'category': 'dbt', 'action': 'project_id', 'label': 'de996b39-5d92-4652-bd8e-9716550385b3', 'context': [<snowplow_tracker.self_describing_json.SelfDescribingJson object at 0x7facc5eb66f0>]}
[0m00:37:27.340978 [debug] [MainThread]: Sending event: {'category': 'dbt', 'action': 'adapter_info', 'label': 'de996b39-5d92-4652-bd8e-9716550385b3', 'context': [<snowplow_tracker.self_describing_json.SelfDescribingJson object at 0x7facc5789040>]}
[0m00:37:27.342837 [info ] [MainThread]: Registered adapter: duckdb=1.10.1
[0m00:37:27.416289 [debug] [MainThread]: checksum: 30a8cc8fdcbf66701b0944d4ccce3fa46dd04b61e5df68b9f16d57b2e0e3f0be, vars: {}, profile: , target: , version: 1.11.11
[0m00:37:27.510938 [debug] [MainThread]: Partial parsing enabled: 0 files deleted, 0 files added, 0 files changed.
[0m00:37:27.511421 [debug] [MainThread]: Nothing changed, skipping partial parsing.
[0m00:37:27.511609 [debug] [MainThread]: Partial parsing enabled, no changes found, skipping parsing
[0m00:37:27.516952 [warn ] [MainThread]: [[33mWARNING[0m]: Configuration paths exist in your dbt_project.yml file which do not apply to any resources.
There are 1 unused configuration paths:
- models.user_events.marts
[0m00:37:27.551586 [debug] [MainThread]: Sending event: {'category': 'dbt', 'action': 'load_project', 'label': 'de996b39-5d92-4652-bd8e-9716550385b3', 'context': [<snowplow_tracker.self_describing_json.SelfDescribingJson object at 0x7facc4cc6000>]}
[0m00:37:27.620958 [debug] [MainThread]: Wrote artifact WritableManifest to /root/klavis-tb3-task/tasks/dbt-incremental-debugger/solution/dbt_project/target/manifest.json
[0m00:37:27.622833 [debug] [MainThread]: Wrote artifact SemanticManifest to /root/klavis-tb3-task/tasks/dbt-incremental-debugger/solution/dbt_project/target/semantic_manifest.json
[0m00:37:27.630222 [debug] [MainThread]: Sending event: {'category': 'dbt', 'action': 'resource_counts', 'label': 'de996b39-5d92-4652-bd8e-9716550385b3', 'context': [<snowplow_tracker.self_describing_json.SelfDescribingJson object at 0x7facc0505a00>]}
[0m00:37:27.630699 [info ] [MainThread]: Found 1 seed, 1 model, 2 data tests, 485 macros
[0m00:37:27.630968 [debug] [MainThread]: Sending event: {'category': 'dbt', 'action': 'runnable_timing', 'label': 'de996b39-5d92-4652-bd8e-9716550385b3', 'context': [<snowplow_tracker.self_describing_json.SelfDescribingJson object at 0x7facc04d3e30>]}
[0m00:37:27.632706 [info ] [MainThread]: 
[0m00:37:27.633036 [info ] [MainThread]: Concurrency: 1 threads (target='dev')
[0m00:37:27.633224 [info ] [MainThread]: 
[0m00:37:27.633581 [debug] [MainThread]: Acquiring new duckdb connection 'master'
[0m00:37:27.634443 [debug] [ThreadPool]: Acquiring new duckdb connection 'list_test_events'
[0m00:37:27.660291 [debug] [ThreadPool]: Using duckdb connection "list_test_events"
[0m00:37:27.660640 [debug] [ThreadPool]: On list_test_events: /* {"app": "dbt", "dbt_version": "1.11.11", "profile_name": "user_events", "target_name": "dev", "connection_name": "list_test_events"} */

    
    select schema_name
    from system.information_schema.schemata
    
    where lower(catalog_name) = '"test_events"'
    
  
  
[0m00:37:27.660954 [debug] [ThreadPool]: Opening a new connection, currently in state init
[0m00:37:27.672708 [debug] [ThreadPool]: SQL status: OK in 0.012 seconds
[0m00:37:27.674045 [debug] [ThreadPool]: On list_test_events: Close
[0m00:37:27.674738 [debug] [ThreadPool]: Re-using an available connection from the pool (formerly list_test_events, now create_test_events_main)
[0m00:37:27.675115 [debug] [ThreadPool]: Creating schema "database: "test_events"
schema: "main"
"
[0m00:37:27.680820 [debug] [ThreadPool]: Using duckdb connection "create_test_events_main"
[0m00:37:27.681128 [debug] [ThreadPool]: On create_test_events_main: /* {"app": "dbt", "dbt_version": "1.11.11", "profile_name": "user_events", "target_name": "dev", "connection_name": "create_test_events_main"} */

    
        select type from duckdb_databases()
        where lower(database_name)='test_events'
        and type='sqlite'
    
  
[0m00:37:27.681339 [debug] [ThreadPool]: Opening a new connection, currently in state closed
[0m00:37:27.682372 [debug] [ThreadPool]: SQL status: OK in 0.001 seconds
[0m00:37:27.683570 [debug] [ThreadPool]: Using duckdb connection "create_test_events_main"
[0m00:37:27.683873 [debug] [ThreadPool]: On create_test_events_main: BEGIN
[0m00:37:27.684367 [debug] [ThreadPool]: SQL status: OK in 0.000 seconds
[0m00:37:27.684594 [debug] [ThreadPool]: Using duckdb connection "create_test_events_main"
[0m00:37:27.684801 [debug] [ThreadPool]: On create_test_events_main: /* {"app": "dbt", "dbt_version": "1.11.11", "profile_name": "user_events", "target_name": "dev", "connection_name": "create_test_events_main"} */

    
    
        create schema if not exists "test_events"."main"
    
[0m00:37:27.685437 [debug] [ThreadPool]: SQL status: OK in 0.000 seconds
[0m00:37:27.686201 [debug] [ThreadPool]: On create_test_events_main: COMMIT
[0m00:37:27.686460 [debug] [ThreadPool]: Using duckdb connection "create_test_events_main"
[0m00:37:27.686619 [debug] [ThreadPool]: On create_test_events_main: COMMIT
[0m00:37:27.687070 [debug] [ThreadPool]: SQL status: OK in 0.000 seconds
[0m00:37:27.687336 [debug] [ThreadPool]: On create_test_events_main: Close
[0m00:37:27.691627 [debug] [ThreadPool]: Re-using an available connection from the pool (formerly create_test_events_main, now list_test_events_main)
[0m00:37:27.697911 [debug] [ThreadPool]: Using duckdb connection "list_test_events_main"
[0m00:37:27.698399 [debug] [ThreadPool]: On list_test_events_main: BEGIN
[0m00:37:27.698590 [debug] [ThreadPool]: Opening a new connection, currently in state closed
[0m00:37:27.699252 [debug] [ThreadPool]: SQL status: OK in 0.001 seconds
[0m00:37:27.699499 [debug] [ThreadPool]: Using duckdb connection "list_test_events_main"
[0m00:37:27.699717 [debug] [ThreadPool]: On list_test_events_main: /* {"app": "dbt", "dbt_version": "1.11.11", "profile_name": "user_events", "target_name": "dev", "connection_name": "list_test_events_main"} */
select
      'test_events' as database,
      table_name as name,
      table_schema as schema,
      CASE table_type
        WHEN 'BASE TABLE' THEN 'table'
        WHEN 'VIEW' THEN 'view'
        WHEN 'LOCAL TEMPORARY' THEN 'table'
        END as type
    from system.information_schema.tables
    where lower(table_schema) = 'main'
    and lower(table_catalog) = 'test_events'
  
[0m00:37:27.702423 [debug] [ThreadPool]: SQL status: OK in 0.002 seconds
[0m00:37:27.703760 [debug] [ThreadPool]: On list_test_events_main: ROLLBACK
[0m00:37:27.704773 [debug] [ThreadPool]: Failed to rollback 'list_test_events_main'
[0m00:37:27.705027 [debug] [ThreadPool]: On list_test_events_main: Close
[0m00:37:27.705720 [debug] [MainThread]: Sending event: {'category': 'dbt', 'action': 'runnable_timing', 'label': 'de996b39-5d92-4652-bd8e-9716550385b3', 'context': [<snowplow_tracker.self_describing_json.SelfDescribingJson object at 0x7facc7d19490>]}
[0m00:37:27.706082 [debug] [MainThread]: Using duckdb connection "master"
[0m00:37:27.706278 [debug] [MainThread]: On master: BEGIN
[0m00:37:27.706439 [debug] [MainThread]: Opening a new connection, currently in state init
[0m00:37:27.706986 [debug] [MainThread]: SQL status: OK in 0.001 seconds
[0m00:37:27.707226 [debug] [MainThread]: On master: COMMIT
[0m00:37:27.707422 [debug] [MainThread]: Using duckdb connection "master"
[0m00:37:27.707568 [debug] [MainThread]: On master: COMMIT
[0m00:37:27.707983 [debug] [MainThread]: SQL status: OK in 0.000 seconds
[0m00:37:27.708406 [debug] [MainThread]: On master: Close
[0m00:37:27.710159 [debug] [Thread-1 (]: Began running node model.user_events.user_events_mart
[0m00:37:27.710645 [info ] [Thread-1 (]: 1 of 1 START sql incremental model main.user_events_mart ....................... [RUN]
[0m00:37:27.711067 [debug] [Thread-1 (]: Re-using an available connection from the pool (formerly list_test_events_main, now model.user_events.user_events_mart)
[0m00:37:27.711313 [debug] [Thread-1 (]: Began compiling node model.user_events.user_events_mart
[0m00:37:27.720438 [debug] [Thread-1 (]: Writing injected SQL for node "model.user_events.user_events_mart"
[0m00:37:27.721154 [debug] [Thread-1 (]: Began executing node model.user_events.user_events_mart
[0m00:37:27.766316 [debug] [Thread-1 (]: Writing runtime sql for node "model.user_events.user_events_mart"
[0m00:37:27.767139 [debug] [Thread-1 (]: Using duckdb connection "model.user_events.user_events_mart"
[0m00:37:27.767491 [debug] [Thread-1 (]: On model.user_events.user_events_mart: BEGIN
[0m00:37:27.767781 [debug] [Thread-1 (]: Opening a new connection, currently in state closed
[0m00:37:27.768777 [debug] [Thread-1 (]: SQL status: OK in 0.001 seconds
[0m00:37:27.769069 [debug] [Thread-1 (]: Using duckdb connection "model.user_events.user_events_mart"
[0m00:37:27.769298 [debug] [Thread-1 (]: On model.user_events.user_events_mart: /* {"app": "dbt", "dbt_version": "1.11.11", "profile_name": "user_events", "target_name": "dev", "node_id": "model.user_events.user_events_mart"} */

  
    
    

    create  table
      "test_events"."main"."user_events_mart"
  
    as (
      

-- Deduplicated mart: one row per active user, reflecting their latest event
WITH ranked_events AS (
    SELECT
        event_id,
        user_id,
        event_type,
        user_name,
        user_email,
        updated_at,
        is_deleted,
        ROW_NUMBER() OVER (
            PARTITION BY user_id
            ORDER BY updated_at DESC, event_id DESC  -- FIXED: DESC to pick newest
        ) AS rn
    FROM "test_events"."main"."raw_events"

    
),

latest_per_user AS (
    SELECT
        event_id,
        user_id,
        event_type,
        user_name,
        user_email,
        updated_at,
        is_deleted
    FROM ranked_events
    WHERE rn = 1
)

-- FIXED: exclude soft-deleted users
SELECT
    user_id,
    user_name,
    user_email,
    event_type AS last_event_type,
    updated_at AS last_updated_at,
    is_deleted
FROM latest_per_user
WHERE is_deleted = FALSE
    );
  
  
  
[0m00:37:27.773345 [debug] [Thread-1 (]: SQL status: OK in 0.004 seconds
[0m00:37:27.785794 [debug] [Thread-1 (]: On model.user_events.user_events_mart: COMMIT
[0m00:37:27.786155 [debug] [Thread-1 (]: Using duckdb connection "model.user_events.user_events_mart"
[0m00:37:27.786377 [debug] [Thread-1 (]: On model.user_events.user_events_mart: COMMIT
[0m00:37:27.792942 [debug] [Thread-1 (]: SQL status: OK in 0.006 seconds
[0m00:37:27.794648 [debug] [Thread-1 (]: On model.user_events.user_events_mart: Close
[0m00:37:27.796389 [debug] [Thread-1 (]: Sending event: {'category': 'dbt', 'action': 'run_model', 'label': 'de996b39-5d92-4652-bd8e-9716550385b3', 'context': [<snowplow_tracker.self_describing_json.SelfDescribingJson object at 0x7facc7c40aa0>]}
[0m00:37:27.797006 [info ] [Thread-1 (]: 1 of 1 OK created sql incremental model main.user_events_mart .................. [[32mOK[0m in 0.08s]
[0m00:37:27.797507 [debug] [Thread-1 (]: Finished running node model.user_events.user_events_mart
[0m00:37:27.798737 [debug] [MainThread]: Using duckdb connection "master"
[0m00:37:27.799011 [debug] [MainThread]: On master: BEGIN
[0m00:37:27.799177 [debug] [MainThread]: Opening a new connection, currently in state closed
[0m00:37:27.799824 [debug] [MainThread]: SQL status: OK in 0.001 seconds
[0m00:37:27.800057 [debug] [MainThread]: On master: COMMIT
[0m00:37:27.800380 [debug] [MainThread]: Using duckdb connection "master"
[0m00:37:27.800568 [debug] [MainThread]: On master: COMMIT
[0m00:37:27.801033 [debug] [MainThread]: SQL status: OK in 0.000 seconds
[0m00:37:27.801268 [debug] [MainThread]: On master: Close
[0m00:37:27.801703 [debug] [MainThread]: Connection 'master' was properly closed.
[0m00:37:27.801888 [debug] [MainThread]: Connection 'model.user_events.user_events_mart' was properly closed.
[0m00:37:27.802077 [info ] [MainThread]: 
[0m00:37:27.802319 [info ] [MainThread]: Finished running 1 incremental model in 0 hours 0 minutes and 0.17 seconds (0.17s).
[0m00:37:27.802796 [debug] [MainThread]: Command end result
[0m00:37:27.886252 [debug] [MainThread]: Wrote artifact WritableManifest to /root/klavis-tb3-task/tasks/dbt-incremental-debugger/solution/dbt_project/target/manifest.json
[0m00:37:27.888091 [debug] [MainThread]: Wrote artifact SemanticManifest to /root/klavis-tb3-task/tasks/dbt-incremental-debugger/solution/dbt_project/target/semantic_manifest.json
[0m00:37:27.892937 [debug] [MainThread]: Wrote artifact RunExecutionResult to /root/klavis-tb3-task/tasks/dbt-incremental-debugger/solution/dbt_project/target/run_results.json
[0m00:37:27.893313 [info ] [MainThread]: 
[0m00:37:27.893759 [info ] [MainThread]: [32mCompleted successfully[0m
[0m00:37:27.894136 [info ] [MainThread]: 
[0m00:37:27.894453 [info ] [MainThread]: Done. PASS=1 WARN=0 ERROR=0 SKIP=0 NO-OP=0 TOTAL=1
[0m00:37:27.895544 [debug] [MainThread]: Resource report: {"command_name": "run", "command_success": true, "command_wall_clock_time": 0.87096494, "process_in_blocks": "0", "process_kernel_time": 0.128762, "process_mem_max_rss": "163416", "process_out_blocks": "2232", "process_user_time": 1.947245}
[0m00:37:27.895976 [debug] [MainThread]: Command `dbt run` succeeded at 00:37:27.895889 after 0.87 seconds
[0m00:37:27.896289 [debug] [MainThread]: Sending event: {'category': 'dbt', 'action': 'invocation', 'label': 'end', 'context': [<snowplow_tracker.self_describing_json.SelfDescribingJson object at 0x7facc5722e10>, <snowplow_tracker.self_describing_json.SelfDescribingJson object at 0x7facc56f1040>, <snowplow_tracker.self_describing_json.SelfDescribingJson object at 0x7facc7b7a0f0>]}
[0m00:37:27.896567 [debug] [MainThread]: Flushing usage events
[0m00:37:27.928090 [debug] [MainThread]: An error was encountered while trying to flush usage events
[0m00:37:29.584597 [debug] [MainThread]: Sending event: {'category': 'dbt', 'action': 'invocation', 'label': 'start', 'context': [<snowplow_tracker.self_describing_json.SelfDescribingJson object at 0x7fc9ac45e3c0>, <snowplow_tracker.self_describing_json.SelfDescribingJson object at 0x7fc9acf04f80>, <snowplow_tracker.self_describing_json.SelfDescribingJson object at 0x7fc9ac297470>]}


============================== 00:37:29.587862 | c3517062-8d3e-4a84-960f-0589bddeda70 ==============================
[0m00:37:29.587862 [info ] [MainThread]: Running with dbt=1.11.11
[0m00:37:29.588383 [debug] [MainThread]: running dbt with arguments {'send_anonymous_usage_stats': 'True', 'no_print': 'None', 'cache_selected_only': 'False', 'introspect': 'True', 'static_parser': 'True', 'use_experimental_parser': 'False', 'write_json': 'True', 'debug': 'False', 'partial_parse': 'True', 'empty': 'False', 'warn_error': 'None', 'use_colors': 'True', 'version_check': 'True', 'indirect_selection': 'eager', 'log_cache_events': 'False', 'log_format': 'default', 'quiet': 'False', 'printer_width': '80', 'invocation_command': 'dbt run --profiles-dir .', 'log_path': '/root/klavis-tb3-task/tasks/dbt-incremental-debugger/solution/dbt_project/logs', 'target_path': 'None', 'profiles_dir': '.', 'warn_error_options': 'WarnErrorOptionsV2(error=[], warn=[], silence=[])', 'fail_fast': 'False'}
[0m00:37:29.785943 [debug] [MainThread]: Sending event: {'category': 'dbt', 'action': 'project_id', 'label': 'c3517062-8d3e-4a84-960f-0589bddeda70', 'context': [<snowplow_tracker.self_describing_json.SelfDescribingJson object at 0x7fc9ab425610>]}
[0m00:37:29.842341 [debug] [MainThread]: Sending event: {'category': 'dbt', 'action': 'adapter_info', 'label': 'c3517062-8d3e-4a84-960f-0589bddeda70', 'context': [<snowplow_tracker.self_describing_json.SelfDescribingJson object at 0x7fc9ab3056d0>]}
[0m00:37:29.844307 [info ] [MainThread]: Registered adapter: duckdb=1.10.1
[0m00:37:29.917249 [debug] [MainThread]: checksum: 30a8cc8fdcbf66701b0944d4ccce3fa46dd04b61e5df68b9f16d57b2e0e3f0be, vars: {}, profile: , target: , version: 1.11.11
[0m00:37:30.015040 [debug] [MainThread]: Partial parsing enabled: 0 files deleted, 0 files added, 0 files changed.
[0m00:37:30.015460 [debug] [MainThread]: Nothing changed, skipping partial parsing.
[0m00:37:30.015646 [debug] [MainThread]: Partial parsing enabled, no changes found, skipping parsing
[0m00:37:30.021111 [warn ] [MainThread]: [[33mWARNING[0m]: Configuration paths exist in your dbt_project.yml file which do not apply to any resources.
There are 1 unused configuration paths:
- models.user_events.marts
[0m00:37:30.055309 [debug] [MainThread]: Sending event: {'category': 'dbt', 'action': 'load_project', 'label': 'c3517062-8d3e-4a84-960f-0589bddeda70', 'context': [<snowplow_tracker.self_describing_json.SelfDescribingJson object at 0x7fc9a6ccef00>]}
[0m00:37:30.128629 [debug] [MainThread]: Wrote artifact WritableManifest to /root/klavis-tb3-task/tasks/dbt-incremental-debugger/solution/dbt_project/target/manifest.json
[0m00:37:30.130633 [debug] [MainThread]: Wrote artifact SemanticManifest to /root/klavis-tb3-task/tasks/dbt-incremental-debugger/solution/dbt_project/target/semantic_manifest.json
[0m00:37:30.138436 [debug] [MainThread]: Sending event: {'category': 'dbt', 'action': 'resource_counts', 'label': 'c3517062-8d3e-4a84-960f-0589bddeda70', 'context': [<snowplow_tracker.self_describing_json.SelfDescribingJson object at 0x7fc9a6a2da60>]}
[0m00:37:30.138930 [info ] [MainThread]: Found 1 seed, 1 model, 2 data tests, 485 macros
[0m00:37:30.139179 [debug] [MainThread]: Sending event: {'category': 'dbt', 'action': 'runnable_timing', 'label': 'c3517062-8d3e-4a84-960f-0589bddeda70', 'context': [<snowplow_tracker.self_describing_json.SelfDescribingJson object at 0x7fc9a6882a80>]}
[0m00:37:30.140964 [info ] [MainThread]: 
[0m00:37:30.141324 [info ] [MainThread]: Concurrency: 1 threads (target='dev')
[0m00:37:30.141525 [info ] [MainThread]: 
[0m00:37:30.141957 [debug] [MainThread]: Acquiring new duckdb connection 'master'
[0m00:37:30.142794 [debug] [ThreadPool]: Acquiring new duckdb connection 'list_test_events'
[0m00:37:30.169756 [debug] [ThreadPool]: Using duckdb connection "list_test_events"
[0m00:37:30.170106 [debug] [ThreadPool]: On list_test_events: /* {"app": "dbt", "dbt_version": "1.11.11", "profile_name": "user_events", "target_name": "dev", "connection_name": "list_test_events"} */

    
    select schema_name
    from system.information_schema.schemata
    
    where lower(catalog_name) = '"test_events"'
    
  
  
[0m00:37:30.170329 [debug] [ThreadPool]: Opening a new connection, currently in state init
[0m00:37:30.182440 [debug] [ThreadPool]: SQL status: OK in 0.012 seconds
[0m00:37:30.183791 [debug] [ThreadPool]: On list_test_events: Close
[0m00:37:30.184584 [debug] [ThreadPool]: Re-using an available connection from the pool (formerly list_test_events, now create_test_events_main)
[0m00:37:30.185031 [debug] [ThreadPool]: Creating schema "database: "test_events"
schema: "main"
"
[0m00:37:30.190927 [debug] [ThreadPool]: Using duckdb connection "create_test_events_main"
[0m00:37:30.191244 [debug] [ThreadPool]: On create_test_events_main: /* {"app": "dbt", "dbt_version": "1.11.11", "profile_name": "user_events", "target_name": "dev", "connection_name": "create_test_events_main"} */

    
        select type from duckdb_databases()
        where lower(database_name)='test_events'
        and type='sqlite'
    
  
[0m00:37:30.191436 [debug] [ThreadPool]: Opening a new connection, currently in state closed
[0m00:37:30.192529 [debug] [ThreadPool]: SQL status: OK in 0.001 seconds
[0m00:37:30.193846 [debug] [ThreadPool]: Using duckdb connection "create_test_events_main"
[0m00:37:30.194145 [debug] [ThreadPool]: On create_test_events_main: BEGIN
[0m00:37:30.194582 [debug] [ThreadPool]: SQL status: OK in 0.000 seconds
[0m00:37:30.194865 [debug] [ThreadPool]: Using duckdb connection "create_test_events_main"
[0m00:37:30.195035 [debug] [ThreadPool]: On create_test_events_main: /* {"app": "dbt", "dbt_version": "1.11.11", "profile_name": "user_events", "target_name": "dev", "connection_name": "create_test_events_main"} */

    
    
        create schema if not exists "test_events"."main"
    
[0m00:37:30.195551 [debug] [ThreadPool]: SQL status: OK in 0.000 seconds
[0m00:37:30.196358 [debug] [ThreadPool]: On create_test_events_main: COMMIT
[0m00:37:30.196605 [debug] [ThreadPool]: Using duckdb connection "create_test_events_main"
[0m00:37:30.196831 [debug] [ThreadPool]: On create_test_events_main: COMMIT
[0m00:37:30.197265 [debug] [ThreadPool]: SQL status: OK in 0.000 seconds
[0m00:37:30.197481 [debug] [ThreadPool]: On create_test_events_main: Close
[0m00:37:30.201984 [debug] [ThreadPool]: Re-using an available connection from the pool (formerly create_test_events_main, now list_test_events_main)
[0m00:37:30.208612 [debug] [ThreadPool]: Using duckdb connection "list_test_events_main"
[0m00:37:30.208961 [debug] [ThreadPool]: On list_test_events_main: BEGIN
[0m00:37:30.209138 [debug] [ThreadPool]: Opening a new connection, currently in state closed
[0m00:37:30.209790 [debug] [ThreadPool]: SQL status: OK in 0.001 seconds
[0m00:37:30.210062 [debug] [ThreadPool]: Using duckdb connection "list_test_events_main"
[0m00:37:30.210261 [debug] [ThreadPool]: On list_test_events_main: /* {"app": "dbt", "dbt_version": "1.11.11", "profile_name": "user_events", "target_name": "dev", "connection_name": "list_test_events_main"} */
select
      'test_events' as database,
      table_name as name,
      table_schema as schema,
      CASE table_type
        WHEN 'BASE TABLE' THEN 'table'
        WHEN 'VIEW' THEN 'view'
        WHEN 'LOCAL TEMPORARY' THEN 'table'
        END as type
    from system.information_schema.tables
    where lower(table_schema) = 'main'
    and lower(table_catalog) = 'test_events'
  
[0m00:37:30.213189 [debug] [ThreadPool]: SQL status: OK in 0.003 seconds
[0m00:37:30.214474 [debug] [ThreadPool]: On list_test_events_main: ROLLBACK
[0m00:37:30.215485 [debug] [ThreadPool]: Failed to rollback 'list_test_events_main'
[0m00:37:30.215768 [debug] [ThreadPool]: On list_test_events_main: Close
[0m00:37:30.216743 [debug] [MainThread]: Sending event: {'category': 'dbt', 'action': 'runnable_timing', 'label': 'c3517062-8d3e-4a84-960f-0589bddeda70', 'context': [<snowplow_tracker.self_describing_json.SelfDescribingJson object at 0x7fc9a68d0800>]}
[0m00:37:30.217271 [debug] [MainThread]: Using duckdb connection "master"
[0m00:37:30.217479 [debug] [MainThread]: On master: BEGIN
[0m00:37:30.217639 [debug] [MainThread]: Opening a new connection, currently in state init
[0m00:37:30.218198 [debug] [MainThread]: SQL status: OK in 0.001 seconds
[0m00:37:30.218441 [debug] [MainThread]: On master: COMMIT
[0m00:37:30.218607 [debug] [MainThread]: Using duckdb connection "master"
[0m00:37:30.218824 [debug] [MainThread]: On master: COMMIT
[0m00:37:30.219185 [debug] [MainThread]: SQL status: OK in 0.000 seconds
[0m00:37:30.219461 [debug] [MainThread]: On master: Close
[0m00:37:30.221222 [debug] [Thread-1 (]: Began running node model.user_events.user_events_mart
[0m00:37:30.221743 [info ] [Thread-1 (]: 1 of 1 START sql incremental model main.user_events_mart ....................... [RUN]
[0m00:37:30.222108 [debug] [Thread-1 (]: Re-using an available connection from the pool (formerly list_test_events_main, now model.user_events.user_events_mart)
[0m00:37:30.222372 [debug] [Thread-1 (]: Began compiling node model.user_events.user_events_mart
[0m00:37:30.233839 [debug] [Thread-1 (]: Writing injected SQL for node "model.user_events.user_events_mart"
[0m00:37:30.234546 [debug] [Thread-1 (]: Began executing node model.user_events.user_events_mart
[0m00:37:30.278599 [debug] [Thread-1 (]: Using duckdb connection "model.user_events.user_events_mart"
[0m00:37:30.279050 [debug] [Thread-1 (]: On model.user_events.user_events_mart: /* {"app": "dbt", "dbt_version": "1.11.11", "profile_name": "user_events", "target_name": "dev", "node_id": "model.user_events.user_events_mart"} */

    
  
    
    

    create temporary table
      "user_events_mart__dbt_tmp20260629003730260177"
  
    as (
      

-- Deduplicated mart: one row per active user, reflecting their latest event
WITH ranked_events AS (
    SELECT
        event_id,
        user_id,
        event_type,
        user_name,
        user_email,
        updated_at,
        is_deleted,
        ROW_NUMBER() OVER (
            PARTITION BY user_id
            ORDER BY updated_at DESC, event_id DESC  -- FIXED: DESC to pick newest
        ) AS rn
    FROM "test_events"."main"."raw_events"

    
    -- FIXED: >= captures boundary rows with same timestamp as last batch max
    WHERE updated_at >= (SELECT MAX(updated_at) FROM "test_events"."main"."user_events_mart")
    
),

latest_per_user AS (
    SELECT
        event_id,
        user_id,
        event_type,
        user_name,
        user_email,
        updated_at,
        is_deleted
    FROM ranked_events
    WHERE rn = 1
)

-- FIXED: exclude soft-deleted users
SELECT
    user_id,
    user_name,
    user_email,
    event_type AS last_event_type,
    updated_at AS last_updated_at,
    is_deleted
FROM latest_per_user
WHERE is_deleted = FALSE
    );
  
  
  
[0m00:37:30.279331 [debug] [Thread-1 (]: Opening a new connection, currently in state closed
[0m00:37:30.280762 [debug] [Thread-1 (]: DuckDB adapter: duckdb error: Binder Error: WHERE clause cannot contain aggregates!

LINE 32:     WHERE updated_at >= (SELECT MAX(updated_at) FROM "test_events"."main"."user_events_mart...
                                         ^
[0m00:37:30.281147 [debug] [Thread-1 (]: DuckDB adapter: Error running SQL: /* {"app": "dbt", "dbt_version": "1.11.11", "profile_name": "user_events", "target_name": "dev", "node_id": "model.user_events.user_events_mart"} */

    
  
    
    

    create temporary table
      "user_events_mart__dbt_tmp20260629003730260177"
  
    as (
      

-- Deduplicated mart: one row per active user, reflecting their latest event
WITH ranked_events AS (
    SELECT
        event_id,
        user_id,
        event_type,
        user_name,
        user_email,
        updated_at,
        is_deleted,
        ROW_NUMBER() OVER (
            PARTITION BY user_id
            ORDER BY updated_at DESC, event_id DESC  -- FIXED: DESC to pick newest
        ) AS rn
    FROM "test_events"."main"."raw_events"

    
    -- FIXED: >= captures boundary rows with same timestamp as last batch max
    WHERE updated_at >= (SELECT MAX(updated_at) FROM "test_events"."main"."user_events_mart")
    
),

latest_per_user AS (
    SELECT
        event_id,
        user_id,
        event_type,
        user_name,
        user_email,
        updated_at,
        is_deleted
    FROM ranked_events
    WHERE rn = 1
)

-- FIXED: exclude soft-deleted users
SELECT
    user_id,
    user_name,
    user_email,
    event_type AS last_event_type,
    updated_at AS last_updated_at,
    is_deleted
FROM latest_per_user
WHERE is_deleted = FALSE
    );
  
  
  
[0m00:37:30.281568 [debug] [Thread-1 (]: DuckDB adapter: Rolling back transaction.
[0m00:37:30.281916 [debug] [Thread-1 (]: On model.user_events.user_events_mart: Close
[0m00:37:30.284889 [debug] [Thread-1 (]: Runtime Error in model user_events_mart (models/user_events_mart.sql)
  Binder Error: WHERE clause cannot contain aggregates!
  
  LINE 32:     WHERE updated_at >= (SELECT MAX(updated_at) FROM "test_events"."main"."user_events_mart...
                                           ^
[0m00:37:30.286429 [debug] [Thread-1 (]: Sending event: {'category': 'dbt', 'action': 'run_model', 'label': 'c3517062-8d3e-4a84-960f-0589bddeda70', 'context': [<snowplow_tracker.self_describing_json.SelfDescribingJson object at 0x7fc9a5c44a70>]}
[0m00:37:30.287093 [error] [Thread-1 (]: 1 of 1 ERROR creating sql incremental model main.user_events_mart .............. [[31mERROR[0m in 0.06s]
[0m00:37:30.287587 [debug] [Thread-1 (]: Finished running node model.user_events.user_events_mart
[0m00:37:30.288035 [debug] [Thread-4 (]: Marking all children of 'model.user_events.user_events_mart' to be skipped because of status 'error'.  Reason: Runtime Error in model user_events_mart (models/user_events_mart.sql)
  Binder Error: WHERE clause cannot contain aggregates!
  
  LINE 32:     WHERE updated_at >= (SELECT MAX(updated_at) FROM "test_events"."main"."user_events_mart...
                                           ^.
[0m00:37:30.289628 [debug] [MainThread]: Using duckdb connection "master"
[0m00:37:30.289971 [debug] [MainThread]: On master: BEGIN
[0m00:37:30.290145 [debug] [MainThread]: Opening a new connection, currently in state closed
[0m00:37:30.290967 [debug] [MainThread]: SQL status: OK in 0.001 seconds
[0m00:37:30.291256 [debug] [MainThread]: On master: COMMIT
[0m00:37:30.291436 [debug] [MainThread]: Using duckdb connection "master"
[0m00:37:30.291604 [debug] [MainThread]: On master: COMMIT
[0m00:37:30.292040 [debug] [MainThread]: SQL status: OK in 0.000 seconds
[0m00:37:30.292340 [debug] [MainThread]: On master: Close
[0m00:37:30.292635 [debug] [MainThread]: Connection 'master' was properly closed.
[0m00:37:30.292842 [debug] [MainThread]: Connection 'model.user_events.user_events_mart' was properly closed.
[0m00:37:30.293025 [info ] [MainThread]: 
[0m00:37:30.293252 [info ] [MainThread]: Finished running 1 incremental model in 0 hours 0 minutes and 0.15 seconds (0.15s).
[0m00:37:30.293747 [debug] [MainThread]: Command end result
[0m00:37:30.378796 [debug] [MainThread]: Wrote artifact WritableManifest to /root/klavis-tb3-task/tasks/dbt-incremental-debugger/solution/dbt_project/target/manifest.json
[0m00:37:30.380559 [debug] [MainThread]: Wrote artifact SemanticManifest to /root/klavis-tb3-task/tasks/dbt-incremental-debugger/solution/dbt_project/target/semantic_manifest.json
[0m00:37:30.385483 [debug] [MainThread]: Wrote artifact RunExecutionResult to /root/klavis-tb3-task/tasks/dbt-incremental-debugger/solution/dbt_project/target/run_results.json
[0m00:37:30.385824 [info ] [MainThread]: 
[0m00:37:30.386097 [info ] [MainThread]: [31mCompleted with 1 error, 0 partial successes, and 0 warnings:[0m
[0m00:37:30.386314 [info ] [MainThread]: 
[0m00:37:30.386599 [error] [MainThread]: [31mFailure in model user_events_mart (models/user_events_mart.sql)[0m
[0m00:37:30.386906 [error] [MainThread]:   Runtime Error in model user_events_mart (models/user_events_mart.sql)
  Binder Error: WHERE clause cannot contain aggregates!
  
  LINE 32:     WHERE updated_at >= (SELECT MAX(updated_at) FROM "test_events"."main"."user_events_mart...
                                           ^
[0m00:37:30.387078 [info ] [MainThread]: 
[0m00:37:30.387367 [info ] [MainThread]:   compiled code at target/compiled/user_events/models/user_events_mart.sql
[0m00:37:30.387554 [info ] [MainThread]: 
[0m00:37:30.387795 [info ] [MainThread]: Done. PASS=0 WARN=0 ERROR=1 SKIP=0 NO-OP=0 TOTAL=1
[0m00:37:30.388615 [debug] [MainThread]: Resource report: {"command_name": "run", "command_success": false, "command_wall_clock_time": 0.8565603, "process_in_blocks": "0", "process_kernel_time": 0.108042, "process_mem_max_rss": "162232", "process_out_blocks": "2256", "process_user_time": 1.976612}
[0m00:37:30.389024 [debug] [MainThread]: Command `dbt run` failed at 00:37:30.388950 after 0.86 seconds
[0m00:37:30.389288 [debug] [MainThread]: Sending event: {'category': 'dbt', 'action': 'invocation', 'label': 'end', 'context': [<snowplow_tracker.self_describing_json.SelfDescribingJson object at 0x7fc9ac24f3e0>, <snowplow_tracker.self_describing_json.SelfDescribingJson object at 0x7fc9ac24eff0>, <snowplow_tracker.self_describing_json.SelfDescribingJson object at 0x7fc9ac24c920>]}
[0m00:37:30.389523 [debug] [MainThread]: Flushing usage events
[0m00:37:30.894113 [debug] [MainThread]: An error was encountered while trying to flush usage events
[0m00:37:35.801247 [debug] [MainThread]: Sending event: {'category': 'dbt', 'action': 'invocation', 'label': 'start', 'context': [<snowplow_tracker.self_describing_json.SelfDescribingJson object at 0x7f01bf2767e0>, <snowplow_tracker.self_describing_json.SelfDescribingJson object at 0x7f01bf0af7d0>, <snowplow_tracker.self_describing_json.SelfDescribingJson object at 0x7f01bea76e70>]}


============================== 00:37:35.804444 | 759a3c9d-d9bb-446f-9185-b0be2daa9d4f ==============================
[0m00:37:35.804444 [info ] [MainThread]: Running with dbt=1.11.11
[0m00:37:35.805608 [debug] [MainThread]: running dbt with arguments {'log_path': '/root/klavis-tb3-task/tasks/dbt-incremental-debugger/solution/dbt_project/logs', 'static_parser': 'True', 'empty': 'False', 'profiles_dir': '.', 'partial_parse': 'True', 'quiet': 'False', 'target_path': 'None', 'indirect_selection': 'eager', 'cache_selected_only': 'False', 'use_colors': 'True', 'fail_fast': 'False', 'log_format': 'default', 'no_print': 'None', 'warn_error': 'None', 'write_json': 'True', 'version_check': 'True', 'printer_width': '80', 'log_cache_events': 'False', 'send_anonymous_usage_stats': 'True', 'introspect': 'True', 'use_experimental_parser': 'False', 'warn_error_options': 'WarnErrorOptionsV2(error=[], warn=[], silence=[])', 'debug': 'False', 'invocation_command': 'dbt run --profiles-dir .'}
[0m00:37:36.012942 [debug] [MainThread]: Sending event: {'category': 'dbt', 'action': 'project_id', 'label': '759a3c9d-d9bb-446f-9185-b0be2daa9d4f', 'context': [<snowplow_tracker.self_describing_json.SelfDescribingJson object at 0x7f01b9bdb4d0>]}
[0m00:37:36.071573 [debug] [MainThread]: Sending event: {'category': 'dbt', 'action': 'adapter_info', 'label': '759a3c9d-d9bb-446f-9185-b0be2daa9d4f', 'context': [<snowplow_tracker.self_describing_json.SelfDescribingJson object at 0x7f01c0f35220>]}
[0m00:37:36.073388 [info ] [MainThread]: Registered adapter: duckdb=1.10.1
[0m00:37:36.150217 [debug] [MainThread]: checksum: 30a8cc8fdcbf66701b0944d4ccce3fa46dd04b61e5df68b9f16d57b2e0e3f0be, vars: {}, profile: , target: , version: 1.11.11
[0m00:37:36.248418 [debug] [MainThread]: Partial parsing enabled: 0 files deleted, 0 files added, 0 files changed.
[0m00:37:36.248906 [debug] [MainThread]: Nothing changed, skipping partial parsing.
[0m00:37:36.249122 [debug] [MainThread]: Partial parsing enabled, no changes found, skipping parsing
[0m00:37:36.254392 [warn ] [MainThread]: [[33mWARNING[0m]: Configuration paths exist in your dbt_project.yml file which do not apply to any resources.
There are 1 unused configuration paths:
- models.user_events.marts
[0m00:37:36.290234 [debug] [MainThread]: Sending event: {'category': 'dbt', 'action': 'load_project', 'label': '759a3c9d-d9bb-446f-9185-b0be2daa9d4f', 'context': [<snowplow_tracker.self_describing_json.SelfDescribingJson object at 0x7f01b99177a0>]}
[0m00:37:36.362289 [debug] [MainThread]: Wrote artifact WritableManifest to /root/klavis-tb3-task/tasks/dbt-incremental-debugger/solution/dbt_project/target/manifest.json
[0m00:37:36.364191 [debug] [MainThread]: Wrote artifact SemanticManifest to /root/klavis-tb3-task/tasks/dbt-incremental-debugger/solution/dbt_project/target/semantic_manifest.json
[0m00:37:36.371607 [debug] [MainThread]: Sending event: {'category': 'dbt', 'action': 'resource_counts', 'label': '759a3c9d-d9bb-446f-9185-b0be2daa9d4f', 'context': [<snowplow_tracker.self_describing_json.SelfDescribingJson object at 0x7f01b982d9d0>]}
[0m00:37:36.372100 [info ] [MainThread]: Found 1 seed, 1 model, 2 data tests, 485 macros
[0m00:37:36.372629 [debug] [MainThread]: Sending event: {'category': 'dbt', 'action': 'runnable_timing', 'label': '759a3c9d-d9bb-446f-9185-b0be2daa9d4f', 'context': [<snowplow_tracker.self_describing_json.SelfDescribingJson object at 0x7f01b9683d70>]}
[0m00:37:36.374622 [info ] [MainThread]: 
[0m00:37:36.375137 [info ] [MainThread]: Concurrency: 1 threads (target='dev')
[0m00:37:36.375417 [info ] [MainThread]: 
[0m00:37:36.375947 [debug] [MainThread]: Acquiring new duckdb connection 'master'
[0m00:37:36.376911 [debug] [ThreadPool]: Acquiring new duckdb connection 'list_test_events'
[0m00:37:36.403248 [debug] [ThreadPool]: Using duckdb connection "list_test_events"
[0m00:37:36.403584 [debug] [ThreadPool]: On list_test_events: /* {"app": "dbt", "dbt_version": "1.11.11", "profile_name": "user_events", "target_name": "dev", "connection_name": "list_test_events"} */

    
    select schema_name
    from system.information_schema.schemata
    
    where lower(catalog_name) = '"test_events"'
    
  
  
[0m00:37:36.403842 [debug] [ThreadPool]: Opening a new connection, currently in state init
[0m00:37:36.416202 [debug] [ThreadPool]: SQL status: OK in 0.012 seconds
[0m00:37:36.417410 [debug] [ThreadPool]: On list_test_events: Close
[0m00:37:36.418085 [debug] [ThreadPool]: Re-using an available connection from the pool (formerly list_test_events, now create_test_events_main)
[0m00:37:36.418452 [debug] [ThreadPool]: Creating schema "database: "test_events"
schema: "main"
"
[0m00:37:36.424141 [debug] [ThreadPool]: Using duckdb connection "create_test_events_main"
[0m00:37:36.424521 [debug] [ThreadPool]: On create_test_events_main: /* {"app": "dbt", "dbt_version": "1.11.11", "profile_name": "user_events", "target_name": "dev", "connection_name": "create_test_events_main"} */

    
        select type from duckdb_databases()
        where lower(database_name)='test_events'
        and type='sqlite'
    
  
[0m00:37:36.424774 [debug] [ThreadPool]: Opening a new connection, currently in state closed
[0m00:37:36.425745 [debug] [ThreadPool]: SQL status: OK in 0.001 seconds
[0m00:37:36.427007 [debug] [ThreadPool]: Using duckdb connection "create_test_events_main"
[0m00:37:36.427326 [debug] [ThreadPool]: On create_test_events_main: BEGIN
[0m00:37:36.427817 [debug] [ThreadPool]: SQL status: OK in 0.000 seconds
[0m00:37:36.428026 [debug] [ThreadPool]: Using duckdb connection "create_test_events_main"
[0m00:37:36.428256 [debug] [ThreadPool]: On create_test_events_main: /* {"app": "dbt", "dbt_version": "1.11.11", "profile_name": "user_events", "target_name": "dev", "connection_name": "create_test_events_main"} */

    
    
        create schema if not exists "test_events"."main"
    
[0m00:37:36.428842 [debug] [ThreadPool]: SQL status: OK in 0.000 seconds
[0m00:37:36.429545 [debug] [ThreadPool]: On create_test_events_main: COMMIT
[0m00:37:36.429844 [debug] [ThreadPool]: Using duckdb connection "create_test_events_main"
[0m00:37:36.430020 [debug] [ThreadPool]: On create_test_events_main: COMMIT
[0m00:37:36.430443 [debug] [ThreadPool]: SQL status: OK in 0.000 seconds
[0m00:37:36.430651 [debug] [ThreadPool]: On create_test_events_main: Close
[0m00:37:36.435059 [debug] [ThreadPool]: Re-using an available connection from the pool (formerly create_test_events_main, now list_test_events_main)
[0m00:37:36.441434 [debug] [ThreadPool]: Using duckdb connection "list_test_events_main"
[0m00:37:36.441776 [debug] [ThreadPool]: On list_test_events_main: BEGIN
[0m00:37:36.441966 [debug] [ThreadPool]: Opening a new connection, currently in state closed
[0m00:37:36.442549 [debug] [ThreadPool]: SQL status: OK in 0.001 seconds
[0m00:37:36.442833 [debug] [ThreadPool]: Using duckdb connection "list_test_events_main"
[0m00:37:36.443009 [debug] [ThreadPool]: On list_test_events_main: /* {"app": "dbt", "dbt_version": "1.11.11", "profile_name": "user_events", "target_name": "dev", "connection_name": "list_test_events_main"} */
select
      'test_events' as database,
      table_name as name,
      table_schema as schema,
      CASE table_type
        WHEN 'BASE TABLE' THEN 'table'
        WHEN 'VIEW' THEN 'view'
        WHEN 'LOCAL TEMPORARY' THEN 'table'
        END as type
    from system.information_schema.tables
    where lower(table_schema) = 'main'
    and lower(table_catalog) = 'test_events'
  
[0m00:37:36.445869 [debug] [ThreadPool]: SQL status: OK in 0.003 seconds
[0m00:37:36.447134 [debug] [ThreadPool]: On list_test_events_main: ROLLBACK
[0m00:37:36.448114 [debug] [ThreadPool]: Failed to rollback 'list_test_events_main'
[0m00:37:36.448446 [debug] [ThreadPool]: On list_test_events_main: Close
[0m00:37:36.449331 [debug] [MainThread]: Sending event: {'category': 'dbt', 'action': 'runnable_timing', 'label': '759a3c9d-d9bb-446f-9185-b0be2daa9d4f', 'context': [<snowplow_tracker.self_describing_json.SelfDescribingJson object at 0x7f01b8ba8500>]}
[0m00:37:36.449742 [debug] [MainThread]: Using duckdb connection "master"
[0m00:37:36.449948 [debug] [MainThread]: On master: BEGIN
[0m00:37:36.450131 [debug] [MainThread]: Opening a new connection, currently in state init
[0m00:37:36.450616 [debug] [MainThread]: SQL status: OK in 0.000 seconds
[0m00:37:36.450901 [debug] [MainThread]: On master: COMMIT
[0m00:37:36.451167 [debug] [MainThread]: Using duckdb connection "master"
[0m00:37:36.451327 [debug] [MainThread]: On master: COMMIT
[0m00:37:36.451752 [debug] [MainThread]: SQL status: OK in 0.000 seconds
[0m00:37:36.451975 [debug] [MainThread]: On master: Close
[0m00:37:36.453646 [debug] [Thread-1 (]: Began running node model.user_events.user_events_mart
[0m00:37:36.454173 [info ] [Thread-1 (]: 1 of 1 START sql incremental model main.user_events_mart ....................... [RUN]
[0m00:37:36.454776 [debug] [Thread-1 (]: Re-using an available connection from the pool (formerly list_test_events_main, now model.user_events.user_events_mart)
[0m00:37:36.455064 [debug] [Thread-1 (]: Began compiling node model.user_events.user_events_mart
[0m00:37:36.466549 [debug] [Thread-1 (]: Writing injected SQL for node "model.user_events.user_events_mart"
[0m00:37:36.467242 [debug] [Thread-1 (]: Began executing node model.user_events.user_events_mart
[0m00:37:36.514121 [debug] [Thread-1 (]: Using duckdb connection "model.user_events.user_events_mart"
[0m00:37:36.514516 [debug] [Thread-1 (]: On model.user_events.user_events_mart: /* {"app": "dbt", "dbt_version": "1.11.11", "profile_name": "user_events", "target_name": "dev", "node_id": "model.user_events.user_events_mart"} */

    
  
    
    

    create temporary table
      "user_events_mart__dbt_tmp20260629003736493528"
  
    as (
      

-- Deduplicated mart: one row per active user, reflecting their latest event
WITH ranked_events AS (
    SELECT
        event_id,
        user_id,
        event_type,
        user_name,
        user_email,
        updated_at,
        is_deleted,
        ROW_NUMBER() OVER (
            PARTITION BY user_id
            ORDER BY updated_at DESC, event_id DESC  -- FIXED: DESC to pick newest
        ) AS rn
    FROM "test_events"."main"."raw_events"

    
    -- FIXED: >= captures boundary rows with same timestamp as last batch max
    WHERE updated_at >= (SELECT MAX(updated_at) FROM "test_events"."main"."user_events_mart")
    
),

latest_per_user AS (
    SELECT
        event_id,
        user_id,
        event_type,
        user_name,
        user_email,
        updated_at,
        is_deleted
    FROM ranked_events
    WHERE rn = 1
)

-- FIXED: exclude soft-deleted users
SELECT
    user_id,
    user_name,
    user_email,
    event_type AS last_event_type,
    updated_at AS last_updated_at,
    is_deleted
FROM latest_per_user
WHERE is_deleted = FALSE
    );
  
  
  
[0m00:37:36.514889 [debug] [Thread-1 (]: Opening a new connection, currently in state closed
[0m00:37:36.516346 [debug] [Thread-1 (]: DuckDB adapter: duckdb error: Binder Error: WHERE clause cannot contain aggregates!

LINE 32:     WHERE updated_at >= (SELECT MAX(updated_at) FROM "test_events"."main"."user_events_mart...
                                         ^
[0m00:37:36.516770 [debug] [Thread-1 (]: DuckDB adapter: Error running SQL: /* {"app": "dbt", "dbt_version": "1.11.11", "profile_name": "user_events", "target_name": "dev", "node_id": "model.user_events.user_events_mart"} */

    
  
    
    

    create temporary table
      "user_events_mart__dbt_tmp20260629003736493528"
  
    as (
      

-- Deduplicated mart: one row per active user, reflecting their latest event
WITH ranked_events AS (
    SELECT
        event_id,
        user_id,
        event_type,
        user_name,
        user_email,
        updated_at,
        is_deleted,
        ROW_NUMBER() OVER (
            PARTITION BY user_id
            ORDER BY updated_at DESC, event_id DESC  -- FIXED: DESC to pick newest
        ) AS rn
    FROM "test_events"."main"."raw_events"

    
    -- FIXED: >= captures boundary rows with same timestamp as last batch max
    WHERE updated_at >= (SELECT MAX(updated_at) FROM "test_events"."main"."user_events_mart")
    
),

latest_per_user AS (
    SELECT
        event_id,
        user_id,
        event_type,
        user_name,
        user_email,
        updated_at,
        is_deleted
    FROM ranked_events
    WHERE rn = 1
)

-- FIXED: exclude soft-deleted users
SELECT
    user_id,
    user_name,
    user_email,
    event_type AS last_event_type,
    updated_at AS last_updated_at,
    is_deleted
FROM latest_per_user
WHERE is_deleted = FALSE
    );
  
  
  
[0m00:37:36.517030 [debug] [Thread-1 (]: DuckDB adapter: Rolling back transaction.
[0m00:37:36.517392 [debug] [Thread-1 (]: On model.user_events.user_events_mart: Close
[0m00:37:36.520767 [debug] [Thread-1 (]: Runtime Error in model user_events_mart (models/user_events_mart.sql)
  Binder Error: WHERE clause cannot contain aggregates!
  
  LINE 32:     WHERE updated_at >= (SELECT MAX(updated_at) FROM "test_events"."main"."user_events_mart...
                                           ^
[0m00:37:36.522413 [debug] [Thread-1 (]: Sending event: {'category': 'dbt', 'action': 'run_model', 'label': '759a3c9d-d9bb-446f-9185-b0be2daa9d4f', 'context': [<snowplow_tracker.self_describing_json.SelfDescribingJson object at 0x7f01b8a4acf0>]}
[0m00:37:36.523151 [error] [Thread-1 (]: 1 of 1 ERROR creating sql incremental model main.user_events_mart .............. [[31mERROR[0m in 0.07s]
[0m00:37:36.523972 [debug] [Thread-1 (]: Finished running node model.user_events.user_events_mart
[0m00:37:36.524574 [debug] [Thread-4 (]: Marking all children of 'model.user_events.user_events_mart' to be skipped because of status 'error'.  Reason: Runtime Error in model user_events_mart (models/user_events_mart.sql)
  Binder Error: WHERE clause cannot contain aggregates!
  
  LINE 32:     WHERE updated_at >= (SELECT MAX(updated_at) FROM "test_events"."main"."user_events_mart...
                                           ^.
[0m00:37:36.526416 [debug] [MainThread]: Using duckdb connection "master"
[0m00:37:36.526783 [debug] [MainThread]: On master: BEGIN
[0m00:37:36.526980 [debug] [MainThread]: Opening a new connection, currently in state closed
[0m00:37:36.527823 [debug] [MainThread]: SQL status: OK in 0.001 seconds
[0m00:37:36.528129 [debug] [MainThread]: On master: COMMIT
[0m00:37:36.528495 [debug] [MainThread]: Using duckdb connection "master"
[0m00:37:36.528729 [debug] [MainThread]: On master: COMMIT
[0m00:37:36.529217 [debug] [MainThread]: SQL status: OK in 0.000 seconds
[0m00:37:36.529458 [debug] [MainThread]: On master: Close
[0m00:37:36.529877 [debug] [MainThread]: Connection 'master' was properly closed.
[0m00:37:36.530113 [debug] [MainThread]: Connection 'model.user_events.user_events_mart' was properly closed.
[0m00:37:36.530312 [info ] [MainThread]: 
[0m00:37:36.530755 [info ] [MainThread]: Finished running 1 incremental model in 0 hours 0 minutes and 0.15 seconds (0.15s).
[0m00:37:36.531396 [debug] [MainThread]: Command end result
[0m00:37:36.619202 [debug] [MainThread]: Wrote artifact WritableManifest to /root/klavis-tb3-task/tasks/dbt-incremental-debugger/solution/dbt_project/target/manifest.json
[0m00:37:36.621318 [debug] [MainThread]: Wrote artifact SemanticManifest to /root/klavis-tb3-task/tasks/dbt-incremental-debugger/solution/dbt_project/target/semantic_manifest.json
[0m00:37:36.627237 [debug] [MainThread]: Wrote artifact RunExecutionResult to /root/klavis-tb3-task/tasks/dbt-incremental-debugger/solution/dbt_project/target/run_results.json
[0m00:37:36.627601 [info ] [MainThread]: 
[0m00:37:36.628235 [info ] [MainThread]: [31mCompleted with 1 error, 0 partial successes, and 0 warnings:[0m
[0m00:37:36.628596 [info ] [MainThread]: 
[0m00:37:36.629087 [error] [MainThread]: [31mFailure in model user_events_mart (models/user_events_mart.sql)[0m
[0m00:37:36.629633 [error] [MainThread]:   Runtime Error in model user_events_mart (models/user_events_mart.sql)
  Binder Error: WHERE clause cannot contain aggregates!
  
  LINE 32:     WHERE updated_at >= (SELECT MAX(updated_at) FROM "test_events"."main"."user_events_mart...
                                           ^
[0m00:37:36.630117 [info ] [MainThread]: 
[0m00:37:36.630453 [info ] [MainThread]:   compiled code at target/compiled/user_events/models/user_events_mart.sql
[0m00:37:36.630759 [info ] [MainThread]: 
[0m00:37:36.631206 [info ] [MainThread]: Done. PASS=0 WARN=0 ERROR=1 SKIP=0 NO-OP=0 TOTAL=1
[0m00:37:36.632333 [debug] [MainThread]: Resource report: {"command_name": "run", "command_success": false, "command_wall_clock_time": 0.884213, "process_in_blocks": "0", "process_kernel_time": 0.096049, "process_mem_max_rss": "162308", "process_out_blocks": "2216", "process_user_time": 2.033124}
[0m00:37:36.632874 [debug] [MainThread]: Command `dbt run` failed at 00:37:36.632781 after 0.89 seconds
[0m00:37:36.633192 [debug] [MainThread]: Sending event: {'category': 'dbt', 'action': 'invocation', 'label': 'end', 'context': [<snowplow_tracker.self_describing_json.SelfDescribingJson object at 0x7f01c27b2f90>, <snowplow_tracker.self_describing_json.SelfDescribingJson object at 0x7f01c1c42750>, <snowplow_tracker.self_describing_json.SelfDescribingJson object at 0x7f01b97b9520>]}
[0m00:37:36.633481 [debug] [MainThread]: Flushing usage events
[0m00:37:36.724870 [debug] [MainThread]: An error was encountered while trying to flush usage events
[0m00:37:59.052459 [debug] [MainThread]: Sending event: {'category': 'dbt', 'action': 'invocation', 'label': 'start', 'context': [<snowplow_tracker.self_describing_json.SelfDescribingJson object at 0x7f9d04414170>, <snowplow_tracker.self_describing_json.SelfDescribingJson object at 0x7f9d036800b0>, <snowplow_tracker.self_describing_json.SelfDescribingJson object at 0x7f9d046ea3f0>]}


============================== 00:37:59.055537 | c7aa5d52-63de-4be8-915c-db88772a1499 ==============================
[0m00:37:59.055537 [info ] [MainThread]: Running with dbt=1.11.11
[0m00:37:59.055961 [debug] [MainThread]: running dbt with arguments {'empty': 'None', 'cache_selected_only': 'False', 'warn_error_options': 'WarnErrorOptionsV2(error=[], warn=[], silence=[])', 'log_path': '/root/klavis-tb3-task/tasks/dbt-incremental-debugger/solution/dbt_project/logs', 'invocation_command': 'dbt seed --profiles-dir . -q', 'profiles_dir': '.', 'warn_error': 'None', 'no_print': 'None', 'quiet': 'True', 'target_path': 'None', 'partial_parse': 'True', 'use_experimental_parser': 'False', 'fail_fast': 'False', 'use_colors': 'True', 'send_anonymous_usage_stats': 'True', 'debug': 'False', 'write_json': 'True', 'indirect_selection': 'eager', 'version_check': 'True', 'log_format': 'default', 'static_parser': 'True', 'introspect': 'True', 'log_cache_events': 'False', 'printer_width': '80'}
[0m00:37:59.258310 [debug] [MainThread]: Sending event: {'category': 'dbt', 'action': 'project_id', 'label': 'c7aa5d52-63de-4be8-915c-db88772a1499', 'context': [<snowplow_tracker.self_describing_json.SelfDescribingJson object at 0x7f9d044565a0>]}
[0m00:37:59.317164 [debug] [MainThread]: Sending event: {'category': 'dbt', 'action': 'adapter_info', 'label': 'c7aa5d52-63de-4be8-915c-db88772a1499', 'context': [<snowplow_tracker.self_describing_json.SelfDescribingJson object at 0x7f9d0621d610>]}
[0m00:37:59.318932 [info ] [MainThread]: Registered adapter: duckdb=1.10.1
[0m00:37:59.394176 [debug] [MainThread]: checksum: 30a8cc8fdcbf66701b0944d4ccce3fa46dd04b61e5df68b9f16d57b2e0e3f0be, vars: {}, profile: , target: , version: 1.11.11
[0m00:37:59.490333 [debug] [MainThread]: Partial parsing enabled: 0 files deleted, 0 files added, 1 files changed.
[0m00:37:59.490986 [debug] [MainThread]: Partial parsing: updated file: user_events://models/user_events_mart.sql
[0m00:37:59.939298 [warn ] [MainThread]: [[33mWARNING[0m]: Configuration paths exist in your dbt_project.yml file which do not apply to any resources.
There are 1 unused configuration paths:
- models.user_events.marts
[0m00:37:59.943591 [debug] [MainThread]: Sending event: {'category': 'dbt', 'action': 'load_project', 'label': 'c7aa5d52-63de-4be8-915c-db88772a1499', 'context': [<snowplow_tracker.self_describing_json.SelfDescribingJson object at 0x7f9d06187770>]}
[0m00:38:00.018021 [debug] [MainThread]: Wrote artifact WritableManifest to /root/klavis-tb3-task/tasks/dbt-incremental-debugger/solution/dbt_project/target/manifest.json
[0m00:38:00.019933 [debug] [MainThread]: Wrote artifact SemanticManifest to /root/klavis-tb3-task/tasks/dbt-incremental-debugger/solution/dbt_project/target/semantic_manifest.json
[0m00:38:00.027791 [debug] [MainThread]: Sending event: {'category': 'dbt', 'action': 'resource_counts', 'label': 'c7aa5d52-63de-4be8-915c-db88772a1499', 'context': [<snowplow_tracker.self_describing_json.SelfDescribingJson object at 0x7f9cfeb26b10>]}
[0m00:38:00.028282 [info ] [MainThread]: Found 1 seed, 1 model, 2 data tests, 485 macros
[0m00:38:00.028575 [debug] [MainThread]: Sending event: {'category': 'dbt', 'action': 'runnable_timing', 'label': 'c7aa5d52-63de-4be8-915c-db88772a1499', 'context': [<snowplow_tracker.self_describing_json.SelfDescribingJson object at 0x7f9cfea05c40>]}
[0m00:38:00.030538 [info ] [MainThread]: 
[0m00:38:00.030922 [info ] [MainThread]: Concurrency: 1 threads (target='dev')
[0m00:38:00.031114 [info ] [MainThread]: 
[0m00:38:00.031476 [debug] [MainThread]: Acquiring new duckdb connection 'master'
[0m00:38:00.032331 [debug] [ThreadPool]: Acquiring new duckdb connection 'list_test_events'
[0m00:38:00.058982 [debug] [ThreadPool]: Using duckdb connection "list_test_events"
[0m00:38:00.059311 [debug] [ThreadPool]: On list_test_events: /* {"app": "dbt", "dbt_version": "1.11.11", "profile_name": "user_events", "target_name": "dev", "connection_name": "list_test_events"} */

    
    select schema_name
    from system.information_schema.schemata
    
    where lower(catalog_name) = '"test_events"'
    
  
  
[0m00:38:00.059527 [debug] [ThreadPool]: Opening a new connection, currently in state init
[0m00:38:00.078532 [debug] [ThreadPool]: SQL status: OK in 0.019 seconds
[0m00:38:00.079842 [debug] [ThreadPool]: On list_test_events: Close
[0m00:38:00.080478 [debug] [ThreadPool]: Re-using an available connection from the pool (formerly list_test_events, now create_test_events_main)
[0m00:38:00.080904 [debug] [ThreadPool]: Creating schema "database: "test_events"
schema: "main"
"
[0m00:38:00.086273 [debug] [ThreadPool]: Using duckdb connection "create_test_events_main"
[0m00:38:00.086582 [debug] [ThreadPool]: On create_test_events_main: /* {"app": "dbt", "dbt_version": "1.11.11", "profile_name": "user_events", "target_name": "dev", "connection_name": "create_test_events_main"} */

    
        select type from duckdb_databases()
        where lower(database_name)='test_events'
        and type='sqlite'
    
  
[0m00:38:00.086829 [debug] [ThreadPool]: Opening a new connection, currently in state closed
[0m00:38:00.087826 [debug] [ThreadPool]: SQL status: OK in 0.001 seconds
[0m00:38:00.089037 [debug] [ThreadPool]: Using duckdb connection "create_test_events_main"
[0m00:38:00.089317 [debug] [ThreadPool]: On create_test_events_main: BEGIN
[0m00:38:00.089815 [debug] [ThreadPool]: SQL status: OK in 0.000 seconds
[0m00:38:00.090074 [debug] [ThreadPool]: Using duckdb connection "create_test_events_main"
[0m00:38:00.090264 [debug] [ThreadPool]: On create_test_events_main: /* {"app": "dbt", "dbt_version": "1.11.11", "profile_name": "user_events", "target_name": "dev", "connection_name": "create_test_events_main"} */

    
    
        create schema if not exists "test_events"."main"
    
[0m00:38:00.090767 [debug] [ThreadPool]: SQL status: OK in 0.000 seconds
[0m00:38:00.091596 [debug] [ThreadPool]: On create_test_events_main: COMMIT
[0m00:38:00.091867 [debug] [ThreadPool]: Using duckdb connection "create_test_events_main"
[0m00:38:00.092040 [debug] [ThreadPool]: On create_test_events_main: COMMIT
[0m00:38:00.092525 [debug] [ThreadPool]: SQL status: OK in 0.000 seconds
[0m00:38:00.092868 [debug] [ThreadPool]: On create_test_events_main: Close
[0m00:38:00.097293 [debug] [ThreadPool]: Acquiring new duckdb connection 'list_test_events_main'
[0m00:38:00.101994 [debug] [ThreadPool]: Using duckdb connection "list_test_events_main"
[0m00:38:00.102297 [debug] [ThreadPool]: On list_test_events_main: BEGIN
[0m00:38:00.102474 [debug] [ThreadPool]: Opening a new connection, currently in state init
[0m00:38:00.103046 [debug] [ThreadPool]: SQL status: OK in 0.001 seconds
[0m00:38:00.103302 [debug] [ThreadPool]: Using duckdb connection "list_test_events_main"
[0m00:38:00.103489 [debug] [ThreadPool]: On list_test_events_main: /* {"app": "dbt", "dbt_version": "1.11.11", "profile_name": "user_events", "target_name": "dev", "connection_name": "list_test_events_main"} */
select
      'test_events' as database,
      table_name as name,
      table_schema as schema,
      CASE table_type
        WHEN 'BASE TABLE' THEN 'table'
        WHEN 'VIEW' THEN 'view'
        WHEN 'LOCAL TEMPORARY' THEN 'table'
        END as type
    from system.information_schema.tables
    where lower(table_schema) = 'main'
    and lower(table_catalog) = 'test_events'
  
[0m00:38:00.106219 [debug] [ThreadPool]: SQL status: OK in 0.002 seconds
[0m00:38:00.107322 [debug] [ThreadPool]: On list_test_events_main: ROLLBACK
[0m00:38:00.108359 [debug] [ThreadPool]: Failed to rollback 'list_test_events_main'
[0m00:38:00.108627 [debug] [ThreadPool]: On list_test_events_main: Close
[0m00:38:00.109277 [debug] [MainThread]: Sending event: {'category': 'dbt', 'action': 'runnable_timing', 'label': 'c7aa5d52-63de-4be8-915c-db88772a1499', 'context': [<snowplow_tracker.self_describing_json.SelfDescribingJson object at 0x7f9d0333ec90>]}
[0m00:38:00.109723 [debug] [MainThread]: Using duckdb connection "master"
[0m00:38:00.110051 [debug] [MainThread]: On master: BEGIN
[0m00:38:00.110259 [debug] [MainThread]: Opening a new connection, currently in state init
[0m00:38:00.110796 [debug] [MainThread]: SQL status: OK in 0.000 seconds
[0m00:38:00.111040 [debug] [MainThread]: On master: COMMIT
[0m00:38:00.111229 [debug] [MainThread]: Using duckdb connection "master"
[0m00:38:00.111391 [debug] [MainThread]: On master: COMMIT
[0m00:38:00.111799 [debug] [MainThread]: SQL status: OK in 0.000 seconds
[0m00:38:00.112055 [debug] [MainThread]: On master: Close
[0m00:38:00.113711 [debug] [Thread-1 (]: Began running node seed.user_events.raw_events
[0m00:38:00.114158 [info ] [Thread-1 (]: 1 of 1 START seed file main.raw_events ......................................... [RUN]
[0m00:38:00.114467 [debug] [Thread-1 (]: Re-using an available connection from the pool (formerly list_test_events_main, now seed.user_events.raw_events)
[0m00:38:00.114733 [debug] [Thread-1 (]: Began compiling node seed.user_events.raw_events
[0m00:38:00.114966 [debug] [Thread-1 (]: Began executing node seed.user_events.raw_events
[0m00:38:00.137184 [debug] [Thread-1 (]: Using duckdb connection "seed.user_events.raw_events"
[0m00:38:00.137514 [debug] [Thread-1 (]: On seed.user_events.raw_events: BEGIN
[0m00:38:00.137759 [debug] [Thread-1 (]: Opening a new connection, currently in state closed
[0m00:38:00.138379 [debug] [Thread-1 (]: SQL status: OK in 0.001 seconds
[0m00:38:00.138721 [debug] [Thread-1 (]: Using duckdb connection "seed.user_events.raw_events"
[0m00:38:00.138976 [debug] [Thread-1 (]: On seed.user_events.raw_events: /* {"app": "dbt", "dbt_version": "1.11.11", "profile_name": "user_events", "target_name": "dev", "node_id": "seed.user_events.raw_events"} */

    create table "test_events"."main"."raw_events" ("event_id" integer,"user_id" integer,"event_type" text,"user_name" text,"user_email" text,"updated_at" timestamp without time zone,"is_deleted" boolean)
  
[0m00:38:00.139810 [debug] [Thread-1 (]: SQL status: OK in 0.001 seconds
[0m00:38:00.148989 [debug] [Thread-1 (]: Using duckdb connection "seed.user_events.raw_events"
[0m00:38:00.149362 [debug] [Thread-1 (]: On seed.user_events.raw_events: 
          COPY "test_events"."main"."raw_events" FROM '/root/klavis-tb3-task/tasks/dbt-incremental-debugger/solution/dbt_project/seeds/raw_events.csv' (FORMAT CSV, HEADER TRUE, DELIMITER ',')
        ...
[0m00:38:00.154567 [debug] [Thread-1 (]: SQL status: OK in 0.005 seconds
[0m00:38:00.160874 [debug] [Thread-1 (]: Writing runtime SQL for node "seed.user_events.raw_events"
[0m00:38:00.173923 [debug] [Thread-1 (]: On seed.user_events.raw_events: COMMIT
[0m00:38:00.174269 [debug] [Thread-1 (]: Using duckdb connection "seed.user_events.raw_events"
[0m00:38:00.174486 [debug] [Thread-1 (]: On seed.user_events.raw_events: COMMIT
[0m00:38:00.177923 [debug] [Thread-1 (]: SQL status: OK in 0.003 seconds
[0m00:38:00.179590 [debug] [Thread-1 (]: On seed.user_events.raw_events: Close
[0m00:38:00.181104 [debug] [Thread-1 (]: Sending event: {'category': 'dbt', 'action': 'run_model', 'label': 'c7aa5d52-63de-4be8-915c-db88772a1499', 'context': [<snowplow_tracker.self_describing_json.SelfDescribingJson object at 0x7f9cfe836330>]}
[0m00:38:00.181612 [info ] [Thread-1 (]: 1 of 1 OK loaded seed file main.raw_events ..................................... [[32mINSERT 20[0m in 0.07s]
[0m00:38:00.182044 [debug] [Thread-1 (]: Finished running node seed.user_events.raw_events
[0m00:38:00.183074 [debug] [MainThread]: Using duckdb connection "master"
[0m00:38:00.183358 [debug] [MainThread]: On master: BEGIN
[0m00:38:00.183528 [debug] [MainThread]: Opening a new connection, currently in state closed
[0m00:38:00.184017 [debug] [MainThread]: SQL status: OK in 0.000 seconds
[0m00:38:00.184377 [debug] [MainThread]: On master: COMMIT
[0m00:38:00.184560 [debug] [MainThread]: Using duckdb connection "master"
[0m00:38:00.184756 [debug] [MainThread]: On master: COMMIT
[0m00:38:00.185120 [debug] [MainThread]: SQL status: OK in 0.000 seconds
[0m00:38:00.185351 [debug] [MainThread]: On master: Close
[0m00:38:00.185716 [debug] [MainThread]: Connection 'master' was properly closed.
[0m00:38:00.185911 [debug] [MainThread]: Connection 'create_test_events_main' was properly closed.
[0m00:38:00.186054 [debug] [MainThread]: Connection 'seed.user_events.raw_events' was properly closed.
[0m00:38:00.186249 [info ] [MainThread]: 
[0m00:38:00.186428 [info ] [MainThread]: Finished running 1 seed in 0 hours 0 minutes and 0.15 seconds (0.15s).
[0m00:38:00.186886 [debug] [MainThread]: Command end result
[0m00:38:00.205855 [debug] [MainThread]: Wrote artifact WritableManifest to /root/klavis-tb3-task/tasks/dbt-incremental-debugger/solution/dbt_project/target/manifest.json
[0m00:38:00.207562 [debug] [MainThread]: Wrote artifact SemanticManifest to /root/klavis-tb3-task/tasks/dbt-incremental-debugger/solution/dbt_project/target/semantic_manifest.json
[0m00:38:00.212322 [debug] [MainThread]: Wrote artifact RunExecutionResult to /root/klavis-tb3-task/tasks/dbt-incremental-debugger/solution/dbt_project/target/run_results.json
[0m00:38:00.212602 [info ] [MainThread]: 
[0m00:38:00.212893 [info ] [MainThread]: [32mCompleted successfully[0m
[0m00:38:00.213068 [info ] [MainThread]: 
[0m00:38:00.213288 [info ] [MainThread]: Done. PASS=1 WARN=0 ERROR=0 SKIP=0 NO-OP=0 TOTAL=1
[0m00:38:00.213998 [debug] [MainThread]: Resource report: {"command_name": "seed", "command_success": true, "command_wall_clock_time": 1.2145596, "process_in_blocks": "0", "process_kernel_time": 0.195886, "process_mem_max_rss": "166572", "process_out_blocks": "3352", "process_user_time": 2.22653}
[0m00:38:00.214367 [debug] [MainThread]: Command `dbt seed` succeeded at 00:38:00.214291 after 1.22 seconds
[0m00:38:00.214606 [debug] [MainThread]: Sending event: {'category': 'dbt', 'action': 'invocation', 'label': 'end', 'context': [<snowplow_tracker.self_describing_json.SelfDescribingJson object at 0x7f9d0344ade0>, <snowplow_tracker.self_describing_json.SelfDescribingJson object at 0x7f9cfdd360c0>, <snowplow_tracker.self_describing_json.SelfDescribingJson object at 0x7f9cfdd36060>]}
[0m00:38:00.214888 [debug] [MainThread]: Flushing usage events
[0m00:38:00.260268 [debug] [MainThread]: An error was encountered while trying to flush usage events
[0m00:38:01.877223 [debug] [MainThread]: Sending event: {'category': 'dbt', 'action': 'invocation', 'label': 'start', 'context': [<snowplow_tracker.self_describing_json.SelfDescribingJson object at 0x7fb1ab4e2210>, <snowplow_tracker.self_describing_json.SelfDescribingJson object at 0x7fb1ab0ddc40>, <snowplow_tracker.self_describing_json.SelfDescribingJson object at 0x7fb1ab0ddaf0>]}


============================== 00:38:01.880402 | a6843400-ec3d-4391-96e4-58c76ffb23bf ==============================
[0m00:38:01.880402 [info ] [MainThread]: Running with dbt=1.11.11
[0m00:38:01.880816 [debug] [MainThread]: running dbt with arguments {'log_cache_events': 'False', 'no_print': 'None', 'target_path': 'None', 'introspect': 'True', 'invocation_command': 'dbt run --full-refresh --profiles-dir . -q', 'use_colors': 'True', 'empty': 'False', 'warn_error_options': 'WarnErrorOptionsV2(error=[], warn=[], silence=[])', 'static_parser': 'True', 'cache_selected_only': 'False', 'indirect_selection': 'eager', 'send_anonymous_usage_stats': 'True', 'write_json': 'True', 'warn_error': 'None', 'fail_fast': 'False', 'debug': 'False', 'log_format': 'default', 'version_check': 'True', 'printer_width': '80', 'use_experimental_parser': 'False', 'quiet': 'True', 'log_path': '/root/klavis-tb3-task/tasks/dbt-incremental-debugger/solution/dbt_project/logs', 'profiles_dir': '.', 'partial_parse': 'True'}
[0m00:38:02.081430 [debug] [MainThread]: Sending event: {'category': 'dbt', 'action': 'project_id', 'label': 'a6843400-ec3d-4391-96e4-58c76ffb23bf', 'context': [<snowplow_tracker.self_describing_json.SelfDescribingJson object at 0x7fb1ad021880>]}
[0m00:38:02.139482 [debug] [MainThread]: Sending event: {'category': 'dbt', 'action': 'adapter_info', 'label': 'a6843400-ec3d-4391-96e4-58c76ffb23bf', 'context': [<snowplow_tracker.self_describing_json.SelfDescribingJson object at 0x7fb1acef9070>]}
[0m00:38:02.141305 [info ] [MainThread]: Registered adapter: duckdb=1.10.1
[0m00:38:02.218773 [debug] [MainThread]: checksum: 30a8cc8fdcbf66701b0944d4ccce3fa46dd04b61e5df68b9f16d57b2e0e3f0be, vars: {}, profile: , target: , version: 1.11.11
[0m00:38:02.315057 [debug] [MainThread]: Partial parsing enabled: 0 files deleted, 0 files added, 0 files changed.
[0m00:38:02.315462 [debug] [MainThread]: Nothing changed, skipping partial parsing.
[0m00:38:02.315657 [debug] [MainThread]: Partial parsing enabled, no changes found, skipping parsing
[0m00:38:02.321032 [warn ] [MainThread]: [[33mWARNING[0m]: Configuration paths exist in your dbt_project.yml file which do not apply to any resources.
There are 1 unused configuration paths:
- models.user_events.marts
[0m00:38:02.356280 [debug] [MainThread]: Sending event: {'category': 'dbt', 'action': 'load_project', 'label': 'a6843400-ec3d-4391-96e4-58c76ffb23bf', 'context': [<snowplow_tracker.self_describing_json.SelfDescribingJson object at 0x7fb1a5b431d0>]}
[0m00:38:02.426831 [debug] [MainThread]: Wrote artifact WritableManifest to /root/klavis-tb3-task/tasks/dbt-incremental-debugger/solution/dbt_project/target/manifest.json
[0m00:38:02.428638 [debug] [MainThread]: Wrote artifact SemanticManifest to /root/klavis-tb3-task/tasks/dbt-incremental-debugger/solution/dbt_project/target/semantic_manifest.json
[0m00:38:02.435725 [debug] [MainThread]: Sending event: {'category': 'dbt', 'action': 'resource_counts', 'label': 'a6843400-ec3d-4391-96e4-58c76ffb23bf', 'context': [<snowplow_tracker.self_describing_json.SelfDescribingJson object at 0x7fb1a59099a0>]}
[0m00:38:02.436136 [info ] [MainThread]: Found 1 seed, 1 model, 2 data tests, 485 macros
[0m00:38:02.436417 [debug] [MainThread]: Sending event: {'category': 'dbt', 'action': 'runnable_timing', 'label': 'a6843400-ec3d-4391-96e4-58c76ffb23bf', 'context': [<snowplow_tracker.self_describing_json.SelfDescribingJson object at 0x7fb1a58b2a80>]}
[0m00:38:02.438072 [info ] [MainThread]: 
[0m00:38:02.438379 [info ] [MainThread]: Concurrency: 1 threads (target='dev')
[0m00:38:02.438543 [info ] [MainThread]: 
[0m00:38:02.438933 [debug] [MainThread]: Acquiring new duckdb connection 'master'
[0m00:38:02.439743 [debug] [ThreadPool]: Acquiring new duckdb connection 'list_test_events'
[0m00:38:02.465709 [debug] [ThreadPool]: Using duckdb connection "list_test_events"
[0m00:38:02.466042 [debug] [ThreadPool]: On list_test_events: /* {"app": "dbt", "dbt_version": "1.11.11", "profile_name": "user_events", "target_name": "dev", "connection_name": "list_test_events"} */

    
    select schema_name
    from system.information_schema.schemata
    
    where lower(catalog_name) = '"test_events"'
    
  
  
[0m00:38:02.466317 [debug] [ThreadPool]: Opening a new connection, currently in state init
[0m00:38:02.477981 [debug] [ThreadPool]: SQL status: OK in 0.012 seconds
[0m00:38:02.479231 [debug] [ThreadPool]: On list_test_events: Close
[0m00:38:02.479871 [debug] [ThreadPool]: Re-using an available connection from the pool (formerly list_test_events, now create_test_events_main)
[0m00:38:02.480275 [debug] [ThreadPool]: Creating schema "database: "test_events"
schema: "main"
"
[0m00:38:02.485966 [debug] [ThreadPool]: Using duckdb connection "create_test_events_main"
[0m00:38:02.486273 [debug] [ThreadPool]: On create_test_events_main: /* {"app": "dbt", "dbt_version": "1.11.11", "profile_name": "user_events", "target_name": "dev", "connection_name": "create_test_events_main"} */

    
        select type from duckdb_databases()
        where lower(database_name)='test_events'
        and type='sqlite'
    
  
[0m00:38:02.486463 [debug] [ThreadPool]: Opening a new connection, currently in state closed
[0m00:38:02.487401 [debug] [ThreadPool]: SQL status: OK in 0.001 seconds
[0m00:38:02.488706 [debug] [ThreadPool]: Using duckdb connection "create_test_events_main"
[0m00:38:02.488965 [debug] [ThreadPool]: On create_test_events_main: BEGIN
[0m00:38:02.489380 [debug] [ThreadPool]: SQL status: OK in 0.000 seconds
[0m00:38:02.489581 [debug] [ThreadPool]: Using duckdb connection "create_test_events_main"
[0m00:38:02.489798 [debug] [ThreadPool]: On create_test_events_main: /* {"app": "dbt", "dbt_version": "1.11.11", "profile_name": "user_events", "target_name": "dev", "connection_name": "create_test_events_main"} */

    
    
        create schema if not exists "test_events"."main"
    
[0m00:38:02.490276 [debug] [ThreadPool]: SQL status: OK in 0.000 seconds
[0m00:38:02.491033 [debug] [ThreadPool]: On create_test_events_main: COMMIT
[0m00:38:02.491293 [debug] [ThreadPool]: Using duckdb connection "create_test_events_main"
[0m00:38:02.491471 [debug] [ThreadPool]: On create_test_events_main: COMMIT
[0m00:38:02.491897 [debug] [ThreadPool]: SQL status: OK in 0.000 seconds
[0m00:38:02.492110 [debug] [ThreadPool]: On create_test_events_main: Close
[0m00:38:02.496768 [debug] [ThreadPool]: Re-using an available connection from the pool (formerly create_test_events_main, now list_test_events_main)
[0m00:38:02.502889 [debug] [ThreadPool]: Using duckdb connection "list_test_events_main"
[0m00:38:02.503200 [debug] [ThreadPool]: On list_test_events_main: BEGIN
[0m00:38:02.503380 [debug] [ThreadPool]: Opening a new connection, currently in state closed
[0m00:38:02.503964 [debug] [ThreadPool]: SQL status: OK in 0.001 seconds
[0m00:38:02.504265 [debug] [ThreadPool]: Using duckdb connection "list_test_events_main"
[0m00:38:02.504456 [debug] [ThreadPool]: On list_test_events_main: /* {"app": "dbt", "dbt_version": "1.11.11", "profile_name": "user_events", "target_name": "dev", "connection_name": "list_test_events_main"} */
select
      'test_events' as database,
      table_name as name,
      table_schema as schema,
      CASE table_type
        WHEN 'BASE TABLE' THEN 'table'
        WHEN 'VIEW' THEN 'view'
        WHEN 'LOCAL TEMPORARY' THEN 'table'
        END as type
    from system.information_schema.tables
    where lower(table_schema) = 'main'
    and lower(table_catalog) = 'test_events'
  
[0m00:38:02.507082 [debug] [ThreadPool]: SQL status: OK in 0.002 seconds
[0m00:38:02.508349 [debug] [ThreadPool]: On list_test_events_main: ROLLBACK
[0m00:38:02.509386 [debug] [ThreadPool]: Failed to rollback 'list_test_events_main'
[0m00:38:02.509645 [debug] [ThreadPool]: On list_test_events_main: Close
[0m00:38:02.510407 [debug] [MainThread]: Sending event: {'category': 'dbt', 'action': 'runnable_timing', 'label': 'a6843400-ec3d-4391-96e4-58c76ffb23bf', 'context': [<snowplow_tracker.self_describing_json.SelfDescribingJson object at 0x7fb1a5758920>]}
[0m00:38:02.510810 [debug] [MainThread]: Using duckdb connection "master"
[0m00:38:02.511006 [debug] [MainThread]: On master: BEGIN
[0m00:38:02.511182 [debug] [MainThread]: Opening a new connection, currently in state init
[0m00:38:02.511705 [debug] [MainThread]: SQL status: OK in 0.000 seconds
[0m00:38:02.512051 [debug] [MainThread]: On master: COMMIT
[0m00:38:02.512343 [debug] [MainThread]: Using duckdb connection "master"
[0m00:38:02.512517 [debug] [MainThread]: On master: COMMIT
[0m00:38:02.512938 [debug] [MainThread]: SQL status: OK in 0.000 seconds
[0m00:38:02.513156 [debug] [MainThread]: On master: Close
[0m00:38:02.514793 [debug] [Thread-1 (]: Began running node model.user_events.user_events_mart
[0m00:38:02.515324 [info ] [Thread-1 (]: 1 of 1 START sql incremental model main.user_events_mart ....................... [RUN]
[0m00:38:02.515642 [debug] [Thread-1 (]: Re-using an available connection from the pool (formerly list_test_events_main, now model.user_events.user_events_mart)
[0m00:38:02.515944 [debug] [Thread-1 (]: Began compiling node model.user_events.user_events_mart
[0m00:38:02.526425 [debug] [Thread-1 (]: Writing injected SQL for node "model.user_events.user_events_mart"
[0m00:38:02.527075 [debug] [Thread-1 (]: Began executing node model.user_events.user_events_mart
[0m00:38:02.572456 [debug] [Thread-1 (]: Writing runtime sql for node "model.user_events.user_events_mart"
[0m00:38:02.573226 [debug] [Thread-1 (]: Using duckdb connection "model.user_events.user_events_mart"
[0m00:38:02.573517 [debug] [Thread-1 (]: On model.user_events.user_events_mart: BEGIN
[0m00:38:02.573755 [debug] [Thread-1 (]: Opening a new connection, currently in state closed
[0m00:38:02.574556 [debug] [Thread-1 (]: SQL status: OK in 0.001 seconds
[0m00:38:02.574908 [debug] [Thread-1 (]: Using duckdb connection "model.user_events.user_events_mart"
[0m00:38:02.575139 [debug] [Thread-1 (]: On model.user_events.user_events_mart: /* {"app": "dbt", "dbt_version": "1.11.11", "profile_name": "user_events", "target_name": "dev", "node_id": "model.user_events.user_events_mart"} */

  
    
    

    create  table
      "test_events"."main"."user_events_mart"
  
    as (
      



-- Deduplicated mart: one row per active user, reflecting their latest event
WITH ranked_events AS (
    SELECT
        event_id,
        user_id,
        event_type,
        user_name,
        user_email,
        updated_at,
        is_deleted,
        ROW_NUMBER() OVER (
            PARTITION BY user_id
            ORDER BY updated_at DESC, event_id DESC  -- FIXED: DESC to pick newest
        ) AS rn
    FROM "test_events"."main"."raw_events"

    
),

latest_per_user AS (
    SELECT
        event_id,
        user_id,
        event_type,
        user_name,
        user_email,
        updated_at,
        is_deleted
    FROM ranked_events
    WHERE rn = 1
)

-- FIXED: exclude soft-deleted users
SELECT
    user_id,
    user_name,
    user_email,
    event_type AS last_event_type,
    updated_at AS last_updated_at,
    is_deleted
FROM latest_per_user
WHERE is_deleted = FALSE
    );
  
  
  
[0m00:38:02.579011 [debug] [Thread-1 (]: SQL status: OK in 0.004 seconds
[0m00:38:02.591858 [debug] [Thread-1 (]: On model.user_events.user_events_mart: COMMIT
[0m00:38:02.592259 [debug] [Thread-1 (]: Using duckdb connection "model.user_events.user_events_mart"
[0m00:38:02.592491 [debug] [Thread-1 (]: On model.user_events.user_events_mart: COMMIT
[0m00:38:02.599551 [debug] [Thread-1 (]: SQL status: OK in 0.007 seconds
[0m00:38:02.601334 [debug] [Thread-1 (]: On model.user_events.user_events_mart: Close
[0m00:38:02.602879 [debug] [Thread-1 (]: Sending event: {'category': 'dbt', 'action': 'run_model', 'label': 'a6843400-ec3d-4391-96e4-58c76ffb23bf', 'context': [<snowplow_tracker.self_describing_json.SelfDescribingJson object at 0x7fb1a5ab6d20>]}
[0m00:38:02.603539 [info ] [Thread-1 (]: 1 of 1 OK created sql incremental model main.user_events_mart .................. [[32mOK[0m in 0.09s]
[0m00:38:02.603987 [debug] [Thread-1 (]: Finished running node model.user_events.user_events_mart
[0m00:38:02.605177 [debug] [MainThread]: Using duckdb connection "master"
[0m00:38:02.605456 [debug] [MainThread]: On master: BEGIN
[0m00:38:02.605629 [debug] [MainThread]: Opening a new connection, currently in state closed
[0m00:38:02.606186 [debug] [MainThread]: SQL status: OK in 0.001 seconds
[0m00:38:02.606523 [debug] [MainThread]: On master: COMMIT
[0m00:38:02.606738 [debug] [MainThread]: Using duckdb connection "master"
[0m00:38:02.606902 [debug] [MainThread]: On master: COMMIT
[0m00:38:02.607305 [debug] [MainThread]: SQL status: OK in 0.000 seconds
[0m00:38:02.607540 [debug] [MainThread]: On master: Close
[0m00:38:02.607869 [debug] [MainThread]: Connection 'master' was properly closed.
[0m00:38:02.608036 [debug] [MainThread]: Connection 'model.user_events.user_events_mart' was properly closed.
[0m00:38:02.608292 [info ] [MainThread]: 
[0m00:38:02.608477 [info ] [MainThread]: Finished running 1 incremental model in 0 hours 0 minutes and 0.17 seconds (0.17s).
[0m00:38:02.608940 [debug] [MainThread]: Command end result
[0m00:38:02.686402 [debug] [MainThread]: Wrote artifact WritableManifest to /root/klavis-tb3-task/tasks/dbt-incremental-debugger/solution/dbt_project/target/manifest.json
[0m00:38:02.688122 [debug] [MainThread]: Wrote artifact SemanticManifest to /root/klavis-tb3-task/tasks/dbt-incremental-debugger/solution/dbt_project/target/semantic_manifest.json
[0m00:38:02.693120 [debug] [MainThread]: Wrote artifact RunExecutionResult to /root/klavis-tb3-task/tasks/dbt-incremental-debugger/solution/dbt_project/target/run_results.json
[0m00:38:02.693413 [info ] [MainThread]: 
[0m00:38:02.693656 [info ] [MainThread]: [32mCompleted successfully[0m
[0m00:38:02.693882 [info ] [MainThread]: 
[0m00:38:02.694083 [info ] [MainThread]: Done. PASS=1 WARN=0 ERROR=0 SKIP=0 NO-OP=0 TOTAL=1
[0m00:38:02.694852 [debug] [MainThread]: Resource report: {"command_name": "run", "command_success": true, "command_wall_clock_time": 0.8698195, "process_in_blocks": "0", "process_kernel_time": 0.115966, "process_mem_max_rss": "163236", "process_out_blocks": "2232", "process_user_time": 1.971922}
[0m00:38:02.695227 [debug] [MainThread]: Command `dbt run` succeeded at 00:38:02.695135 after 0.87 seconds
[0m00:38:02.695481 [debug] [MainThread]: Sending event: {'category': 'dbt', 'action': 'invocation', 'label': 'end', 'context': [<snowplow_tracker.self_describing_json.SelfDescribingJson object at 0x7fb1aabdac30>, <snowplow_tracker.self_describing_json.SelfDescribingJson object at 0x7fb1ab290e00>, <snowplow_tracker.self_describing_json.SelfDescribingJson object at 0x7fb1aad9fa40>]}
[0m00:38:02.695776 [debug] [MainThread]: Flushing usage events
[0m00:38:02.775441 [debug] [MainThread]: An error was encountered while trying to flush usage events
[0m00:38:04.392722 [debug] [MainThread]: Sending event: {'category': 'dbt', 'action': 'invocation', 'label': 'start', 'context': [<snowplow_tracker.self_describing_json.SelfDescribingJson object at 0x7fc49e6f92e0>, <snowplow_tracker.self_describing_json.SelfDescribingJson object at 0x7fc49e5c7b00>, <snowplow_tracker.self_describing_json.SelfDescribingJson object at 0x7fc49f152480>]}


============================== 00:38:04.395791 | b0fb655c-ecf5-49a7-97be-08beabd18e23 ==============================
[0m00:38:04.395791 [info ] [MainThread]: Running with dbt=1.11.11
[0m00:38:04.396276 [debug] [MainThread]: running dbt with arguments {'send_anonymous_usage_stats': 'True', 'write_json': 'True', 'profiles_dir': '.', 'empty': 'False', 'debug': 'False', 'warn_error': 'None', 'introspect': 'True', 'invocation_command': 'dbt run --profiles-dir .', 'version_check': 'True', 'fail_fast': 'False', 'warn_error_options': 'WarnErrorOptionsV2(error=[], warn=[], silence=[])', 'quiet': 'False', 'log_path': '/root/klavis-tb3-task/tasks/dbt-incremental-debugger/solution/dbt_project/logs', 'use_experimental_parser': 'False', 'printer_width': '80', 'cache_selected_only': 'False', 'static_parser': 'True', 'no_print': 'None', 'log_format': 'default', 'indirect_selection': 'eager', 'partial_parse': 'True', 'log_cache_events': 'False', 'target_path': 'None', 'use_colors': 'True'}
[0m00:38:04.603144 [debug] [MainThread]: Sending event: {'category': 'dbt', 'action': 'project_id', 'label': 'b0fb655c-ecf5-49a7-97be-08beabd18e23', 'context': [<snowplow_tracker.self_describing_json.SelfDescribingJson object at 0x7fc49df1e810>]}
[0m00:38:04.661466 [debug] [MainThread]: Sending event: {'category': 'dbt', 'action': 'adapter_info', 'label': 'b0fb655c-ecf5-49a7-97be-08beabd18e23', 'context': [<snowplow_tracker.self_describing_json.SelfDescribingJson object at 0x7fc49df1f320>]}
[0m00:38:04.663226 [info ] [MainThread]: Registered adapter: duckdb=1.10.1
[0m00:38:04.736585 [debug] [MainThread]: checksum: 30a8cc8fdcbf66701b0944d4ccce3fa46dd04b61e5df68b9f16d57b2e0e3f0be, vars: {}, profile: , target: , version: 1.11.11
[0m00:38:04.833035 [debug] [MainThread]: Partial parsing enabled: 0 files deleted, 0 files added, 0 files changed.
[0m00:38:04.833407 [debug] [MainThread]: Nothing changed, skipping partial parsing.
[0m00:38:04.833598 [debug] [MainThread]: Partial parsing enabled, no changes found, skipping parsing
[0m00:38:04.838978 [warn ] [MainThread]: [[33mWARNING[0m]: Configuration paths exist in your dbt_project.yml file which do not apply to any resources.
There are 1 unused configuration paths:
- models.user_events.marts
[0m00:38:04.873934 [debug] [MainThread]: Sending event: {'category': 'dbt', 'action': 'load_project', 'label': 'b0fb655c-ecf5-49a7-97be-08beabd18e23', 'context': [<snowplow_tracker.self_describing_json.SelfDescribingJson object at 0x7fc4999e97c0>]}
[0m00:38:04.945502 [debug] [MainThread]: Wrote artifact WritableManifest to /root/klavis-tb3-task/tasks/dbt-incremental-debugger/solution/dbt_project/target/manifest.json
[0m00:38:04.947400 [debug] [MainThread]: Wrote artifact SemanticManifest to /root/klavis-tb3-task/tasks/dbt-incremental-debugger/solution/dbt_project/target/semantic_manifest.json
[0m00:38:04.954560 [debug] [MainThread]: Sending event: {'category': 'dbt', 'action': 'resource_counts', 'label': 'b0fb655c-ecf5-49a7-97be-08beabd18e23', 'context': [<snowplow_tracker.self_describing_json.SelfDescribingJson object at 0x7fc499735af0>]}
[0m00:38:04.955010 [info ] [MainThread]: Found 1 seed, 1 model, 2 data tests, 485 macros
[0m00:38:04.955284 [debug] [MainThread]: Sending event: {'category': 'dbt', 'action': 'runnable_timing', 'label': 'b0fb655c-ecf5-49a7-97be-08beabd18e23', 'context': [<snowplow_tracker.self_describing_json.SelfDescribingJson object at 0x7fc499596ae0>]}
[0m00:38:04.957021 [info ] [MainThread]: 
[0m00:38:04.957377 [info ] [MainThread]: Concurrency: 1 threads (target='dev')
[0m00:38:04.957571 [info ] [MainThread]: 
[0m00:38:04.958004 [debug] [MainThread]: Acquiring new duckdb connection 'master'
[0m00:38:04.958852 [debug] [ThreadPool]: Acquiring new duckdb connection 'list_test_events'
[0m00:38:04.986050 [debug] [ThreadPool]: Using duckdb connection "list_test_events"
[0m00:38:04.986391 [debug] [ThreadPool]: On list_test_events: /* {"app": "dbt", "dbt_version": "1.11.11", "profile_name": "user_events", "target_name": "dev", "connection_name": "list_test_events"} */

    
    select schema_name
    from system.information_schema.schemata
    
    where lower(catalog_name) = '"test_events"'
    
  
  
[0m00:38:04.986592 [debug] [ThreadPool]: Opening a new connection, currently in state init
[0m00:38:04.998598 [debug] [ThreadPool]: SQL status: OK in 0.012 seconds
[0m00:38:04.999869 [debug] [ThreadPool]: On list_test_events: Close
[0m00:38:05.000523 [debug] [ThreadPool]: Re-using an available connection from the pool (formerly list_test_events, now create_test_events_main)
[0m00:38:05.000949 [debug] [ThreadPool]: Creating schema "database: "test_events"
schema: "main"
"
[0m00:38:05.006477 [debug] [ThreadPool]: Using duckdb connection "create_test_events_main"
[0m00:38:05.006821 [debug] [ThreadPool]: On create_test_events_main: /* {"app": "dbt", "dbt_version": "1.11.11", "profile_name": "user_events", "target_name": "dev", "connection_name": "create_test_events_main"} */

    
        select type from duckdb_databases()
        where lower(database_name)='test_events'
        and type='sqlite'
    
  
[0m00:38:05.007025 [debug] [ThreadPool]: Opening a new connection, currently in state closed
[0m00:38:05.008035 [debug] [ThreadPool]: SQL status: OK in 0.001 seconds
[0m00:38:05.009236 [debug] [ThreadPool]: Using duckdb connection "create_test_events_main"
[0m00:38:05.009495 [debug] [ThreadPool]: On create_test_events_main: BEGIN
[0m00:38:05.009932 [debug] [ThreadPool]: SQL status: OK in 0.000 seconds
[0m00:38:05.010157 [debug] [ThreadPool]: Using duckdb connection "create_test_events_main"
[0m00:38:05.010346 [debug] [ThreadPool]: On create_test_events_main: /* {"app": "dbt", "dbt_version": "1.11.11", "profile_name": "user_events", "target_name": "dev", "connection_name": "create_test_events_main"} */

    
    
        create schema if not exists "test_events"."main"
    
[0m00:38:05.010864 [debug] [ThreadPool]: SQL status: OK in 0.000 seconds
[0m00:38:05.011549 [debug] [ThreadPool]: On create_test_events_main: COMMIT
[0m00:38:05.011813 [debug] [ThreadPool]: Using duckdb connection "create_test_events_main"
[0m00:38:05.011985 [debug] [ThreadPool]: On create_test_events_main: COMMIT
[0m00:38:05.012424 [debug] [ThreadPool]: SQL status: OK in 0.000 seconds
[0m00:38:05.012666 [debug] [ThreadPool]: On create_test_events_main: Close
[0m00:38:05.017200 [debug] [ThreadPool]: Re-using an available connection from the pool (formerly create_test_events_main, now list_test_events_main)
[0m00:38:05.023242 [debug] [ThreadPool]: Using duckdb connection "list_test_events_main"
[0m00:38:05.023563 [debug] [ThreadPool]: On list_test_events_main: BEGIN
[0m00:38:05.023807 [debug] [ThreadPool]: Opening a new connection, currently in state closed
[0m00:38:05.024425 [debug] [ThreadPool]: SQL status: OK in 0.001 seconds
[0m00:38:05.024723 [debug] [ThreadPool]: Using duckdb connection "list_test_events_main"
[0m00:38:05.024932 [debug] [ThreadPool]: On list_test_events_main: /* {"app": "dbt", "dbt_version": "1.11.11", "profile_name": "user_events", "target_name": "dev", "connection_name": "list_test_events_main"} */
select
      'test_events' as database,
      table_name as name,
      table_schema as schema,
      CASE table_type
        WHEN 'BASE TABLE' THEN 'table'
        WHEN 'VIEW' THEN 'view'
        WHEN 'LOCAL TEMPORARY' THEN 'table'
        END as type
    from system.information_schema.tables
    where lower(table_schema) = 'main'
    and lower(table_catalog) = 'test_events'
  
[0m00:38:05.027649 [debug] [ThreadPool]: SQL status: OK in 0.002 seconds
[0m00:38:05.028942 [debug] [ThreadPool]: On list_test_events_main: ROLLBACK
[0m00:38:05.029872 [debug] [ThreadPool]: Failed to rollback 'list_test_events_main'
[0m00:38:05.030126 [debug] [ThreadPool]: On list_test_events_main: Close
[0m00:38:05.030991 [debug] [MainThread]: Sending event: {'category': 'dbt', 'action': 'runnable_timing', 'label': 'b0fb655c-ecf5-49a7-97be-08beabd18e23', 'context': [<snowplow_tracker.self_describing_json.SelfDescribingJson object at 0x7fc4995f43e0>]}
[0m00:38:05.031361 [debug] [MainThread]: Using duckdb connection "master"
[0m00:38:05.031553 [debug] [MainThread]: On master: BEGIN
[0m00:38:05.031761 [debug] [MainThread]: Opening a new connection, currently in state init
[0m00:38:05.032353 [debug] [MainThread]: SQL status: OK in 0.001 seconds
[0m00:38:05.032601 [debug] [MainThread]: On master: COMMIT
[0m00:38:05.032814 [debug] [MainThread]: Using duckdb connection "master"
[0m00:38:05.032973 [debug] [MainThread]: On master: COMMIT
[0m00:38:05.033344 [debug] [MainThread]: SQL status: OK in 0.000 seconds
[0m00:38:05.033568 [debug] [MainThread]: On master: Close
[0m00:38:05.035197 [debug] [Thread-1 (]: Began running node model.user_events.user_events_mart
[0m00:38:05.035732 [info ] [Thread-1 (]: 1 of 1 START sql incremental model main.user_events_mart ....................... [RUN]
[0m00:38:05.036119 [debug] [Thread-1 (]: Re-using an available connection from the pool (formerly list_test_events_main, now model.user_events.user_events_mart)
[0m00:38:05.036443 [debug] [Thread-1 (]: Began compiling node model.user_events.user_events_mart
[0m00:38:05.048414 [debug] [Thread-1 (]: Using duckdb connection "model.user_events.user_events_mart"
[0m00:38:05.048780 [debug] [Thread-1 (]: On model.user_events.user_events_mart: /* {"app": "dbt", "dbt_version": "1.11.11", "profile_name": "user_events", "target_name": "dev", "node_id": "model.user_events.user_events_mart"} */

    
    SELECT MAX(last_updated_at) FROM "test_events"."main"."user_events_mart"

  
[0m00:38:05.049017 [debug] [Thread-1 (]: Opening a new connection, currently in state closed
[0m00:38:05.050023 [debug] [Thread-1 (]: SQL status: OK in 0.001 seconds
[0m00:38:05.051533 [debug] [Thread-1 (]: Writing injected SQL for node "model.user_events.user_events_mart"
[0m00:38:05.052209 [debug] [Thread-1 (]: Began executing node model.user_events.user_events_mart
[0m00:38:05.096133 [debug] [Thread-1 (]: Using duckdb connection "model.user_events.user_events_mart"
[0m00:38:05.096589 [debug] [Thread-1 (]: On model.user_events.user_events_mart: /* {"app": "dbt", "dbt_version": "1.11.11", "profile_name": "user_events", "target_name": "dev", "node_id": "model.user_events.user_events_mart"} */

    
  
    
    

    create temporary table
      "user_events_mart__dbt_tmp20260629003805077870"
  
    as (
      






-- Deduplicated mart: one row per active user, reflecting their latest event
WITH ranked_events AS (
    SELECT
        event_id,
        user_id,
        event_type,
        user_name,
        user_email,
        updated_at,
        is_deleted,
        ROW_NUMBER() OVER (
            PARTITION BY user_id
            ORDER BY updated_at DESC, event_id DESC  -- FIXED: DESC to pick newest
        ) AS rn
    FROM "test_events"."main"."raw_events"

    
    -- FIXED: >= captures boundary rows with same timestamp as last batch max
    WHERE updated_at >= '2024-01-01 11:45:00'
    
),

latest_per_user AS (
    SELECT
        event_id,
        user_id,
        event_type,
        user_name,
        user_email,
        updated_at,
        is_deleted
    FROM ranked_events
    WHERE rn = 1
)

-- FIXED: exclude soft-deleted users
SELECT
    user_id,
    user_name,
    user_email,
    event_type AS last_event_type,
    updated_at AS last_updated_at,
    is_deleted
FROM latest_per_user
WHERE is_deleted = FALSE
    );
  
  
  
[0m00:38:05.099426 [debug] [Thread-1 (]: SQL status: OK in 0.002 seconds
[0m00:38:05.105351 [debug] [Thread-1 (]: Using duckdb connection "model.user_events.user_events_mart"
[0m00:38:05.105779 [debug] [Thread-1 (]: On model.user_events.user_events_mart: BEGIN
[0m00:38:05.106289 [debug] [Thread-1 (]: SQL status: OK in 0.000 seconds
[0m00:38:05.106538 [debug] [Thread-1 (]: Using duckdb connection "model.user_events.user_events_mart"
[0m00:38:05.106793 [debug] [Thread-1 (]: On model.user_events.user_events_mart: /* {"app": "dbt", "dbt_version": "1.11.11", "profile_name": "user_events", "target_name": "dev", "node_id": "model.user_events.user_events_mart"} */

      select
          column_name,
          data_type,
          character_maximum_length,
          numeric_precision,
          numeric_scale

      from system.information_schema.columns
      where table_name = 'user_events_mart__dbt_tmp20260629003805077870'
      
      
      order by ordinal_position

  
[0m00:38:05.113867 [debug] [Thread-1 (]: SQL status: OK in 0.007 seconds
[0m00:38:05.118151 [debug] [Thread-1 (]: Using duckdb connection "model.user_events.user_events_mart"
[0m00:38:05.118498 [debug] [Thread-1 (]: On model.user_events.user_events_mart: /* {"app": "dbt", "dbt_version": "1.11.11", "profile_name": "user_events", "target_name": "dev", "node_id": "model.user_events.user_events_mart"} */

      select
          column_name,
          data_type,
          character_maximum_length,
          numeric_precision,
          numeric_scale

      from system.information_schema.columns
      where table_name = 'user_events_mart'
      
      and lower(table_schema) = 'main'
      
      
      and lower(table_catalog) = 'test_events'
      
      order by ordinal_position

  
[0m00:38:05.121034 [debug] [Thread-1 (]: SQL status: OK in 0.002 seconds
[0m00:38:05.128110 [debug] [Thread-1 (]: Using duckdb connection "model.user_events.user_events_mart"
[0m00:38:05.128495 [debug] [Thread-1 (]: On model.user_events.user_events_mart: /* {"app": "dbt", "dbt_version": "1.11.11", "profile_name": "user_events", "target_name": "dev", "node_id": "model.user_events.user_events_mart"} */

      select
          column_name,
          data_type,
          character_maximum_length,
          numeric_precision,
          numeric_scale

      from system.information_schema.columns
      where table_name = 'user_events_mart'
      
      and lower(table_schema) = 'main'
      
      
      and lower(table_catalog) = 'test_events'
      
      order by ordinal_position

  
[0m00:38:05.131048 [debug] [Thread-1 (]: SQL status: OK in 0.002 seconds
[0m00:38:05.132502 [debug] [Thread-1 (]: Using duckdb connection "model.user_events.user_events_mart"
[0m00:38:05.132849 [debug] [Thread-1 (]: On model.user_events.user_events_mart: /* {"app": "dbt", "dbt_version": "1.11.11", "profile_name": "user_events", "target_name": "dev", "node_id": "model.user_events.user_events_mart"} */
SELECT version()
[0m00:38:05.133468 [debug] [Thread-1 (]: SQL status: OK in 0.000 seconds
[0m00:38:05.143433 [debug] [Thread-1 (]: Writing runtime sql for node "model.user_events.user_events_mart"
[0m00:38:05.144219 [debug] [Thread-1 (]: Using duckdb connection "model.user_events.user_events_mart"
[0m00:38:05.144525 [debug] [Thread-1 (]: On model.user_events.user_events_mart: /* {"app": "dbt", "dbt_version": "1.11.11", "profile_name": "user_events", "target_name": "dev", "node_id": "model.user_events.user_events_mart"} */

        
            delete from "test_events"."main"."user_events_mart"
            where (
                user_id) in (
                select (user_id)
                from "user_events_mart__dbt_tmp20260629003805077870"
            );

        
    

    insert into "test_events"."main"."user_events_mart" ("user_id", "user_name", "user_email", "last_event_type", "last_updated_at", "is_deleted")
    (
        select "user_id", "user_name", "user_email", "last_event_type", "last_updated_at", "is_deleted"
        from "user_events_mart__dbt_tmp20260629003805077870"
    )
  
[0m00:38:05.146625 [debug] [Thread-1 (]: SQL status: OK in 0.002 seconds
[0m00:38:05.156525 [debug] [Thread-1 (]: On model.user_events.user_events_mart: COMMIT
[0m00:38:05.156904 [debug] [Thread-1 (]: Using duckdb connection "model.user_events.user_events_mart"
[0m00:38:05.157123 [debug] [Thread-1 (]: On model.user_events.user_events_mart: COMMIT
[0m00:38:05.164772 [debug] [Thread-1 (]: SQL status: OK in 0.007 seconds
[0m00:38:05.166430 [debug] [Thread-1 (]: On model.user_events.user_events_mart: Close
[0m00:38:05.168120 [debug] [Thread-1 (]: Sending event: {'category': 'dbt', 'action': 'run_model', 'label': 'b0fb655c-ecf5-49a7-97be-08beabd18e23', 'context': [<snowplow_tracker.self_describing_json.SelfDescribingJson object at 0x7fc4a0d68950>]}
[0m00:38:05.168809 [info ] [Thread-1 (]: 1 of 1 OK created sql incremental model main.user_events_mart .................. [[32mOK[0m in 0.13s]
[0m00:38:05.169288 [debug] [Thread-1 (]: Finished running node model.user_events.user_events_mart
[0m00:38:05.170390 [debug] [MainThread]: Using duckdb connection "master"
[0m00:38:05.170655 [debug] [MainThread]: On master: BEGIN
[0m00:38:05.170899 [debug] [MainThread]: Opening a new connection, currently in state closed
[0m00:38:05.171415 [debug] [MainThread]: SQL status: OK in 0.000 seconds
[0m00:38:05.171635 [debug] [MainThread]: On master: COMMIT
[0m00:38:05.171868 [debug] [MainThread]: Using duckdb connection "master"
[0m00:38:05.172030 [debug] [MainThread]: On master: COMMIT
[0m00:38:05.172461 [debug] [MainThread]: SQL status: OK in 0.000 seconds
[0m00:38:05.172732 [debug] [MainThread]: On master: Close
[0m00:38:05.173087 [debug] [MainThread]: Connection 'master' was properly closed.
[0m00:38:05.173283 [debug] [MainThread]: Connection 'model.user_events.user_events_mart' was properly closed.
[0m00:38:05.173481 [info ] [MainThread]: 
[0m00:38:05.173736 [info ] [MainThread]: Finished running 1 incremental model in 0 hours 0 minutes and 0.22 seconds (0.22s).
[0m00:38:05.174206 [debug] [MainThread]: Command end result
[0m00:38:05.254317 [debug] [MainThread]: Wrote artifact WritableManifest to /root/klavis-tb3-task/tasks/dbt-incremental-debugger/solution/dbt_project/target/manifest.json
[0m00:38:05.256110 [debug] [MainThread]: Wrote artifact SemanticManifest to /root/klavis-tb3-task/tasks/dbt-incremental-debugger/solution/dbt_project/target/semantic_manifest.json
[0m00:38:05.261045 [debug] [MainThread]: Wrote artifact RunExecutionResult to /root/klavis-tb3-task/tasks/dbt-incremental-debugger/solution/dbt_project/target/run_results.json
[0m00:38:05.261350 [info ] [MainThread]: 
[0m00:38:05.261648 [info ] [MainThread]: [32mCompleted successfully[0m
[0m00:38:05.261898 [info ] [MainThread]: 
[0m00:38:05.262112 [info ] [MainThread]: Done. PASS=1 WARN=0 ERROR=0 SKIP=0 NO-OP=0 TOTAL=1
[0m00:38:05.262906 [debug] [MainThread]: Resource report: {"command_name": "run", "command_success": true, "command_wall_clock_time": 0.92310625, "process_in_blocks": "0", "process_kernel_time": 0.123936, "process_mem_max_rss": "165820", "process_out_blocks": "2240", "process_user_time": 2.010859}
[0m00:38:05.263300 [debug] [MainThread]: Command `dbt run` succeeded at 00:38:05.263222 after 0.92 seconds
[0m00:38:05.263552 [debug] [MainThread]: Sending event: {'category': 'dbt', 'action': 'invocation', 'label': 'end', 'context': [<snowplow_tracker.self_describing_json.SelfDescribingJson object at 0x7fc49e0184a0>, <snowplow_tracker.self_describing_json.SelfDescribingJson object at 0x7fc49f152480>, <snowplow_tracker.self_describing_json.SelfDescribingJson object at 0x7fc49df3fd70>]}
[0m00:38:05.263837 [debug] [MainThread]: Flushing usage events
[0m00:38:05.321028 [debug] [MainThread]: An error was encountered while trying to flush usage events
